sample	total_minimizer_hits	genus	genus_taxid	genus_hits	genus_fraction	species	species_taxid	species_hits	species_fraction
HpGP-26695-ATCC	517988	Helicobacter	209	512898	0.990174	Helicobacter pylori	210	454183	0.876821
HpGP-ALG-001	476479	Helicobacter	209	470184	0.986789	Helicobacter pylori	210	408011	0.856304
HpGP-ALG-002	478531	Helicobacter	209	472587	0.987579	Helicobacter pylori	210	414259	0.865689
HpGP-ALG-003	482943	Helicobacter	209	476935	0.987560	Helicobacter pylori	210	414746	0.858789
HpGP-ALG-004	476026	Helicobacter	209	469626	0.986555	Helicobacter pylori	210	407778	0.856630
HpGP-ALG-005	461515	Helicobacter	209	455212	0.986343	Helicobacter pylori	210	399815	0.866310
HpGP-ALG-006	471458	Helicobacter	209	464310	0.984839	Helicobacter pylori	210	408214	0.865854
HpGP-ALG-007	473279	Helicobacter	209	467416	0.987612	Helicobacter pylori	210	410771	0.867926
HpGP-ALG-008	481868	Helicobacter	209	476596	0.989059	Helicobacter pylori	210	414561	0.860321
HpGP-ALG-009	465988	Helicobacter	209	460694	0.988639	Helicobacter pylori	210	403995	0.866964
HpGP-ALG-010	480169	Helicobacter	209	475084	0.989410	Helicobacter pylori	210	418581	0.871737
HpGP-ARG-001	479121	Helicobacter	209	473933	0.989172	Helicobacter pylori	210	417280	0.870928
HpGP-ARG-002	477894	Helicobacter	209	472490	0.988692	Helicobacter pylori	210	415710	0.869879
HpGP-ARG-003	475717	Helicobacter	209	470553	0.989145	Helicobacter pylori	210	413932	0.870122
HpGP-ARG-004	460478	Helicobacter	209	455486	0.989159	Helicobacter pylori	210	400321	0.869360
HpGP-ARG-005	476985	Helicobacter	209	471915	0.989371	Helicobacter pylori	210	416077	0.872306
HpGP-ARG-006	475484	Helicobacter	209	470515	0.989550	Helicobacter pylori	210	415544	0.873939
HpGP-ARG-007	494574	Helicobacter	209	488027	0.986762	Helicobacter pylori	210	430204	0.869848
HpGP-ARG-008	486843	Helicobacter	209	481896	0.989839	Helicobacter pylori	210	423490	0.869870
HpGP-ARG-009	484435	Helicobacter	209	479316	0.989433	Helicobacter pylori	210	417304	0.861424
HpGP-ARG-010	486829	Helicobacter	209	481586	0.989230	Helicobacter pylori	210	422693	0.868258
HpGP-BGD-001	467902	Helicobacter	209	462857	0.989218	Helicobacter pylori	210	408020	0.872020
HpGP-BGD-002	468788	Helicobacter	209	463663	0.989068	Helicobacter pylori	210	408956	0.872369
HpGP-BGD-003	461162	Helicobacter	209	455210	0.987093	Helicobacter pylori	210	401191	0.869957
HpGP-BGD-004	495077	Helicobacter	209	489021	0.987768	Helicobacter pylori	210	429767	0.868081
HpGP-BGD-005	514802	Helicobacter	209	507153	0.985142	Helicobacter pylori	210	439705	0.854124
HpGP-BGD-006	463488	Helicobacter	209	457295	0.986638	Helicobacter pylori	210	401942	0.867211
HpGP-BGD-007	491733	Helicobacter	209	486427	0.989210	Helicobacter pylori	210	423997	0.862250
HpGP-BGD-008	455180	Helicobacter	209	450115	0.988873	Helicobacter pylori	210	396114	0.870236
HpGP-BGD-009	486769	Helicobacter	209	481579	0.989338	Helicobacter pylori	210	426039	0.875239
HpGP-BGD-010	460484	Helicobacter	209	454776	0.987604	Helicobacter pylori	210	398508	0.865411
HpGP-BGR-001	488010	Helicobacter	209	481715	0.987101	Helicobacter pylori	210	419689	0.860001
HpGP-BGR-003	497922	Helicobacter	209	492825	0.989763	Helicobacter pylori	210	431496	0.866594
HpGP-BGR-004	479174	Helicobacter	209	473426	0.988004	Helicobacter pylori	210	410607	0.856906
HpGP-BGR-005	509798	Helicobacter	209	504587	0.989778	Helicobacter pylori	210	440041	0.863167
HpGP-BGR-006	483142	Helicobacter	209	478260	0.989895	Helicobacter pylori	210	417573	0.864286
HpGP-BGR-007	493839	Helicobacter	209	487784	0.987739	Helicobacter pylori	210	422912	0.856376
HpGP-BGR-008	482397	Helicobacter	209	476606	0.987995	Helicobacter pylori	210	412864	0.855859
HpGP-BGR-010	474548	Helicobacter	209	469139	0.988602	Helicobacter pylori	210	408412	0.860634
HpGP-BRA-001	481497	Helicobacter	209	476018	0.988621	Helicobacter pylori	210	420916	0.874182
HpGP-BRA-002	487473	Helicobacter	209	482291	0.989370	Helicobacter pylori	210	427204	0.876364
HpGP-BRA-003	477600	Helicobacter	209	472487	0.989294	Helicobacter pylori	210	413042	0.864828
HpGP-BRA-004	473756	Helicobacter	209	468515	0.988937	Helicobacter pylori	210	412528	0.870760
HpGP-BRA-005	488575	Helicobacter	209	483632	0.989883	Helicobacter pylori	210	422961	0.865703
HpGP-BRA-006	488510	Helicobacter	209	482412	0.987517	Helicobacter pylori	210	421642	0.863118
HpGP-BRA-007	482302	Helicobacter	209	476875	0.988748	Helicobacter pylori	210	421263	0.873442
HpGP-BRA-008	489045	Helicobacter	209	484019	0.989723	Helicobacter pylori	210	426892	0.872909
HpGP-BRA-009	465256	Helicobacter	209	460114	0.988948	Helicobacter pylori	210	404919	0.870314
HpGP-BRA-010	490712	Helicobacter	209	484825	0.988003	Helicobacter pylori	210	429477	0.875212
HpGP-BRA-012	476800	Helicobacter	209	471914	0.989753	Helicobacter pylori	210	416806	0.874174
HpGP-BRA-013	496888	Helicobacter	209	489499	0.985129	Helicobacter pylori	210	431712	0.868832
HpGP-BRA-014	499186	Helicobacter	209	494155	0.989922	Helicobacter pylori	210	435323	0.872066
HpGP-BRA-015	484716	Helicobacter	209	479613	0.989472	Helicobacter pylori	210	421464	0.869507
HpGP-BRA-017	476564	Helicobacter	209	471163	0.988667	Helicobacter pylori	210	411781	0.864062
HpGP-BRA-018	489108	Helicobacter	209	484059	0.989677	Helicobacter pylori	210	428512	0.876109
HpGP-BRA-019	490025	Helicobacter	209	484915	0.989572	Helicobacter pylori	210	427320	0.872037
HpGP-BRA-020	477929	Helicobacter	209	473030	0.989750	Helicobacter pylori	210	417614	0.873799
HpGP-BRA-022	480681	Helicobacter	209	475244	0.988689	Helicobacter pylori	210	419385	0.872481
HpGP-BRA-023	477606	Helicobacter	209	472467	0.989240	Helicobacter pylori	210	417466	0.874080
HpGP-BRA-025	487814	Helicobacter	209	482309	0.988715	Helicobacter pylori	210	424359	0.869920
HpGP-CAN-001	475732	Helicobacter	209	470930	0.989906	Helicobacter pylori	210	409672	0.861140
HpGP-CAN-002	489250	Helicobacter	209	484198	0.989674	Helicobacter pylori	210	423335	0.865273
HpGP-CAN-004	478615	Helicobacter	209	473541	0.989399	Helicobacter pylori	210	415099	0.867292
HpGP-CAN-006	433260	Helicobacter	209	428405	0.988794	Helicobacter pylori	210	371718	0.857956
HpGP-CAN-007	430269	Helicobacter	209	425272	0.988386	Helicobacter pylori	210	363523	0.844874
HpGP-CAN-008	493468	Helicobacter	209	488333	0.989594	Helicobacter pylori	210	429281	0.869927
HpGP-CAN-010	463193	Helicobacter	209	458358	0.989562	Helicobacter pylori	210	401730	0.867306
HpGP-CAN-011	432430	Helicobacter	209	427578	0.988780	Helicobacter pylori	210	371042	0.858039
HpGP-CAN-012	504673	Helicobacter	209	499487	0.989724	Helicobacter pylori	210	441691	0.875202
HpGP-CAN-014	490049	Helicobacter	209	484995	0.989687	Helicobacter pylori	210	423542	0.864285
HpGP-CAN-015	462773	Helicobacter	209	457956	0.989591	Helicobacter pylori	210	401433	0.867451
HpGP-CAN-016	433440	Helicobacter	209	428609	0.988854	Helicobacter pylori	210	370055	0.853763
HpGP-CAN-017	496987	Helicobacter	209	491971	0.989907	Helicobacter pylori	210	430397	0.866013
HpGP-CAN-018	423295	Helicobacter	209	418437	0.988523	Helicobacter pylori	210	362514	0.856410
HpGP-CAN-019	425866	Helicobacter	209	421016	0.988611	Helicobacter pylori	210	359458	0.844064
HpGP-CAN-020	450349	Helicobacter	209	445477	0.989182	Helicobacter pylori	210	390121	0.866264
HpGP-CAN-022	482065	Helicobacter	209	477129	0.989761	Helicobacter pylori	210	418270	0.867663
HpGP-CAN-023	451118	Helicobacter	209	446150	0.988987	Helicobacter pylori	210	390915	0.866547
HpGP-CAN-025	480339	Helicobacter	209	475431	0.989782	Helicobacter pylori	210	416850	0.867825
HpGP-CAN-026	479311	Helicobacter	209	474412	0.989779	Helicobacter pylori	210	415352	0.866561
HpGP-CHI-001	484034	Helicobacter	209	478710	0.989001	Helicobacter pylori	210	419537	0.866751
HpGP-CHI-002	478770	Helicobacter	209	472018	0.985897	Helicobacter pylori	210	415820	0.868517
HpGP-CHI-004	485362	Helicobacter	209	480378	0.989731	Helicobacter pylori	210	423517	0.872580
HpGP-CHI-005	488011	Helicobacter	209	482703	0.989123	Helicobacter pylori	210	425270	0.871435
HpGP-CHI-006	480982	Helicobacter	209	475728	0.989077	Helicobacter pylori	210	413158	0.858988
HpGP-CHI-007	475586	Helicobacter	209	470632	0.989583	Helicobacter pylori	210	414395	0.871336
HpGP-CHI-008	475939	Helicobacter	209	470821	0.989247	Helicobacter pylori	210	414903	0.871757
HpGP-CHI-010	483618	Helicobacter	209	478293	0.988989	Helicobacter pylori	210	420958	0.870435
HpGP-CHI-011	503575	Helicobacter	209	497586	0.988107	Helicobacter pylori	210	434798	0.863423
HpGP-CHI-014	489724	Helicobacter	209	484767	0.989878	Helicobacter pylori	210	424763	0.867352
HpGP-CHI-016	471513	Helicobacter	209	466332	0.989012	Helicobacter pylori	210	410614	0.870843
HpGP-CHI-017	482209	Helicobacter	209	476075	0.987279	Helicobacter pylori	210	418904	0.868719
HpGP-CHI-018	490783	Helicobacter	209	484814	0.987838	Helicobacter pylori	210	427208	0.870462
HpGP-CHI-021	498449	Helicobacter	209	493208	0.989485	Helicobacter pylori	210	432250	0.867190
HpGP-CHI-022	489011	Helicobacter	209	483874	0.989495	Helicobacter pylori	210	425113	0.869332
HpGP-CHI-023	500568	Helicobacter	209	495620	0.990115	Helicobacter pylori	210	435370	0.869752
HpGP-CHI-024	487780	Helicobacter	209	482465	0.989104	Helicobacter pylori	210	425290	0.871889
HpGP-CHI-026	498248	Helicobacter	209	493068	0.989604	Helicobacter pylori	210	433671	0.870392
HpGP-CHI-027	482372	Helicobacter	209	477410	0.989713	Helicobacter pylori	210	420617	0.871976
HpGP-CHI-028	505925	Helicobacter	209	500673	0.989619	Helicobacter pylori	210	440946	0.871564
HpGP-CHI-101	490055	Helicobacter	209	485144	0.989979	Helicobacter pylori	210	426529	0.870370
HpGP-CHI-102	479283	Helicobacter	209	474262	0.989524	Helicobacter pylori	210	415657	0.867248
HpGP-CHI-103	491829	Helicobacter	209	486206	0.988567	Helicobacter pylori	210	426472	0.867114
HpGP-CHI-104	475672	Helicobacter	209	470280	0.988664	Helicobacter pylori	210	413793	0.869912
HpGP-CHI-105	410079	Helicobacter	209	405256	0.988239	Helicobacter pylori	210	348878	0.850758
HpGP-CHI-106	475856	Helicobacter	209	470027	0.987750	Helicobacter pylori	210	413070	0.868057
HpGP-CHI-107	494144	Helicobacter	209	488937	0.989463	Helicobacter pylori	210	429555	0.869291
HpGP-CHI-110	475497	Helicobacter	209	468590	0.985474	Helicobacter pylori	210	411279	0.864946
HpGP-CHI-113	475602	Helicobacter	209	470615	0.989514	Helicobacter pylori	210	413963	0.870398
HpGP-CHI-114	490525	Helicobacter	209	484407	0.987528	Helicobacter pylori	210	425548	0.867536
HpGP-CHI-116	402764	Helicobacter	209	397957	0.988065	Helicobacter pylori	210	341766	0.848552
HpGP-CHI-117	492660	Helicobacter	209	487699	0.989930	Helicobacter pylori	210	428736	0.870247
HpGP-CHI-119	496493	Helicobacter	209	491395	0.989732	Helicobacter pylori	210	432971	0.872059
HpGP-CHI-120	476082	Helicobacter	209	471065	0.989462	Helicobacter pylori	210	414946	0.871585
HpGP-CHI-122	509861	Helicobacter	209	504873	0.990217	Helicobacter pylori	210	441222	0.865377
HpGP-CHI-123	487937	Helicobacter	209	482185	0.988212	Helicobacter pylori	210	423105	0.867130
HpGP-CHI-124	489155	Helicobacter	209	484035	0.989533	Helicobacter pylori	210	423484	0.865746
HpGP-CHI-125	503831	Helicobacter	209	498670	0.989756	Helicobacter pylori	210	438493	0.870318
HpGP-CHI-126	490120	Helicobacter	209	485212	0.989986	Helicobacter pylori	210	426551	0.870299
HpGP-CHI-127	499747	Helicobacter	209	494526	0.989553	Helicobacter pylori	210	435042	0.870524
HpGP-CHI-204	504036	Helicobacter	209	499185	0.990376	Helicobacter pylori	210	433584	0.860224
HpGP-CHI-207	486423	Helicobacter	209	481317	0.989503	Helicobacter pylori	210	423734	0.871122
HpGP-CHI-208	480282	Helicobacter	209	475272	0.989569	Helicobacter pylori	210	412757	0.859406
HpGP-CHI-209	496872	Helicobacter	209	491654	0.989498	Helicobacter pylori	210	432337	0.870117
HpGP-CHI-210	489347	Helicobacter	209	483174	0.987385	Helicobacter pylori	210	424502	0.867487
HpGP-CHI-212	509923	Helicobacter	209	504787	0.989928	Helicobacter pylori	210	442002	0.866801
HpGP-CHN-001	479320	Helicobacter	209	473140	0.987107	Helicobacter pylori	210	417591	0.871215
HpGP-CHN-002	476640	Helicobacter	209	471419	0.989046	Helicobacter pylori	210	415978	0.872730
HpGP-CHN-003	488987	Helicobacter	209	483813	0.989419	Helicobacter pylori	210	427672	0.874608
HpGP-CHN-004	473789	Helicobacter	209	466998	0.985667	Helicobacter pylori	210	412077	0.869748
HpGP-CHN-005	491183	Helicobacter	209	485338	0.988100	Helicobacter pylori	210	423268	0.861732
HpGP-CHN-006	473607	Helicobacter	209	468515	0.989248	Helicobacter pylori	210	412772	0.871550
HpGP-CHN-007	479593	Helicobacter	209	474522	0.989426	Helicobacter pylori	210	415253	0.865845
HpGP-CHN-008	490792	Helicobacter	209	484077	0.986318	Helicobacter pylori	210	421537	0.858891
HpGP-CHN-009	475713	Helicobacter	209	470645	0.989347	Helicobacter pylori	210	415600	0.873636
HpGP-CHN-010	499229	Helicobacter	209	494047	0.989620	Helicobacter pylori	210	429863	0.861054
HpGP-COG-001	478853	Helicobacter	209	473873	0.989600	Helicobacter pylori	210	419030	0.875070
HpGP-COG-002	504394	Helicobacter	209	499485	0.990268	Helicobacter pylori	210	439992	0.872318
HpGP-COG-003	486012	Helicobacter	209	481092	0.989877	Helicobacter pylori	210	425946	0.876410
HpGP-COG-004	475846	Helicobacter	209	470902	0.989610	Helicobacter pylori	210	416440	0.875157
HpGP-COG-005	475987	Helicobacter	209	471115	0.989764	Helicobacter pylori	210	416706	0.875457
HpGP-COG-006	488188	Helicobacter	209	482018	0.987361	Helicobacter pylori	210	426854	0.874364
HpGP-COG-007	484891	Helicobacter	209	479837	0.989577	Helicobacter pylori	210	419092	0.864301
HpGP-COG-008	477203	Helicobacter	209	472415	0.989967	Helicobacter pylori	210	417345	0.874565
HpGP-COG-009	476695	Helicobacter	209	471704	0.989530	Helicobacter pylori	210	416470	0.873661
HpGP-COG-010	481579	Helicobacter	209	476258	0.988951	Helicobacter pylori	210	420146	0.872434
HpGP-COG-011	474236	Helicobacter	209	469235	0.989455	Helicobacter pylori	210	414746	0.874556
HpGP-COL-002	473668	Helicobacter	209	468569	0.989235	Helicobacter pylori	210	412703	0.871292
HpGP-COL-003	492216	Helicobacter	209	485675	0.986711	Helicobacter pylori	210	427091	0.867690
HpGP-COL-004	485129	Helicobacter	209	479759	0.988931	Helicobacter pylori	210	422723	0.871362
HpGP-COL-005	495284	Helicobacter	209	490062	0.989457	Helicobacter pylori	210	428392	0.864942
HpGP-COL-006	491720	Helicobacter	209	486682	0.989754	Helicobacter pylori	210	426811	0.867996
HpGP-COL-008	504312	Helicobacter	209	498937	0.989342	Helicobacter pylori	210	438755	0.870007
HpGP-COL-010	487926	Helicobacter	209	482893	0.989685	Helicobacter pylori	210	422606	0.866127
HpGP-COL-102	499410	Helicobacter	209	494354	0.989876	Helicobacter pylori	210	434549	0.870125
HpGP-COL-103	492060	Helicobacter	209	487032	0.989782	Helicobacter pylori	210	424192	0.862074
HpGP-COL-104	494601	Helicobacter	209	489588	0.989865	Helicobacter pylori	210	433477	0.876418
HpGP-COL-105	473016	Helicobacter	209	466744	0.986740	Helicobacter pylori	210	406718	0.859840
HpGP-COL-106	475580	Helicobacter	209	469863	0.987979	Helicobacter pylori	210	410039	0.862187
HpGP-COL-107	492392	Helicobacter	209	486054	0.987128	Helicobacter pylori	210	429051	0.871361
HpGP-COL-108	492268	Helicobacter	209	487180	0.989664	Helicobacter pylori	210	427460	0.868348
HpGP-COL-109	502259	Helicobacter	209	496461	0.988456	Helicobacter pylori	210	435328	0.866740
HpGP-COL-110	499482	Helicobacter	209	494479	0.989984	Helicobacter pylori	210	435716	0.872336
HpGP-COL-112	503600	Helicobacter	209	498626	0.990123	Helicobacter pylori	210	435949	0.865665
HpGP-COL-113	498630	Helicobacter	209	493606	0.989924	Helicobacter pylori	210	436523	0.875445
HpGP-COL-114	498563	Helicobacter	209	493404	0.989652	Helicobacter pylori	210	435141	0.872790
HpGP-COL-118	510445	Helicobacter	209	504620	0.988588	Helicobacter pylori	210	442193	0.866289
HpGP-COL-119	487982	Helicobacter	209	482917	0.989621	Helicobacter pylori	210	426142	0.873274
HpGP-COL-120	502132	Helicobacter	209	496872	0.989525	Helicobacter pylori	210	436186	0.868668
HpGP-COL-121	503588	Helicobacter	209	497928	0.988761	Helicobacter pylori	210	437347	0.868462
HpGP-COL-122	501193	Helicobacter	209	495705	0.989050	Helicobacter pylori	210	436981	0.871882
HpGP-COL-201	472977	Helicobacter	209	467469	0.988355	Helicobacter pylori	210	407795	0.862188
HpGP-COL-202	473540	Helicobacter	209	468012	0.988326	Helicobacter pylori	210	408274	0.862174
HpGP-COL-203	479995	Helicobacter	209	474271	0.988075	Helicobacter pylori	210	418364	0.871601
HpGP-COL-204	484913	Helicobacter	209	479620	0.989085	Helicobacter pylori	210	423272	0.872882
HpGP-COL-205	513702	Helicobacter	209	508781	0.990421	Helicobacter pylori	210	451634	0.879175
HpGP-COL-206	492550	Helicobacter	209	487601	0.989952	Helicobacter pylori	210	428839	0.870651
HpGP-COL-207	500591	Helicobacter	209	495244	0.989319	Helicobacter pylori	210	437916	0.874798
HpGP-COL-208	502829	Helicobacter	209	497511	0.989424	Helicobacter pylori	210	440306	0.875658
HpGP-COL-209	475223	Helicobacter	209	470140	0.989304	Helicobacter pylori	210	413969	0.871105
HpGP-COL-210	484021	Helicobacter	209	478463	0.988517	Helicobacter pylori	210	416950	0.861430
HpGP-COL-211	505330	Helicobacter	209	499979	0.989411	Helicobacter pylori	210	440510	0.871727
HpGP-COL-301	490645	Helicobacter	209	485461	0.989434	Helicobacter pylori	210	425296	0.866810
HpGP-COL-302	505106	Helicobacter	209	499716	0.989329	Helicobacter pylori	210	441152	0.873385
HpGP-COL-303	479928	Helicobacter	209	474062	0.987777	Helicobacter pylori	210	414012	0.862654
HpGP-COL-305	475269	Helicobacter	209	468289	0.985314	Helicobacter pylori	210	412319	0.867549
HpGP-COL-306	502213	Helicobacter	209	496966	0.989552	Helicobacter pylori	210	437196	0.870539
HpGP-COL-307	488180	Helicobacter	209	483206	0.989811	Helicobacter pylori	210	425582	0.871773
HpGP-COL-308	494835	Helicobacter	209	489840	0.989906	Helicobacter pylori	210	434014	0.877088
HpGP-COL-309	496736	Helicobacter	209	491506	0.989471	Helicobacter pylori	210	432394	0.870470
HpGP-COL-310	474199	Helicobacter	209	466706	0.984199	Helicobacter pylori	210	411244	0.867239
HpGP-COL-318	481983	Helicobacter	209	476932	0.989520	Helicobacter pylori	210	421254	0.874002
HpGP-CRI-001	489858	Helicobacter	209	483481	0.986982	Helicobacter pylori	210	423676	0.864896
HpGP-CRI-002	500209	Helicobacter	209	494956	0.989498	Helicobacter pylori	210	434923	0.869483
HpGP-CRI-003	486805	Helicobacter	209	480028	0.986079	Helicobacter pylori	210	423579	0.870120
HpGP-CRI-004	486023	Helicobacter	209	480897	0.989453	Helicobacter pylori	210	423325	0.870998
HpGP-CRI-005	508896	Helicobacter	209	502451	0.987335	Helicobacter pylori	210	437932	0.860553
HpGP-CRI-006	494350	Helicobacter	209	488257	0.987675	Helicobacter pylori	210	429353	0.868520
HpGP-CRI-007	488050	Helicobacter	209	482980	0.989612	Helicobacter pylori	210	424552	0.869894
HpGP-CRI-008	504784	Helicobacter	209	499209	0.988956	Helicobacter pylori	210	439031	0.869740
HpGP-DOM-001	473903	Helicobacter	209	468643	0.988901	Helicobacter pylori	210	413195	0.871898
HpGP-DOM-002	488968	Helicobacter	209	483187	0.988177	Helicobacter pylori	210	423126	0.865345
HpGP-DOM-003	490275	Helicobacter	209	484951	0.989141	Helicobacter pylori	210	424886	0.866628
HpGP-DOM-004	480957	Helicobacter	209	475889	0.989463	Helicobacter pylori	210	421111	0.875569
HpGP-DOM-005	513267	Helicobacter	209	507671	0.989097	Helicobacter pylori	210	445311	0.867601
HpGP-DOM-006	481037	Helicobacter	209	475935	0.989394	Helicobacter pylori	210	417357	0.867619
HpGP-DOM-007	479558	Helicobacter	209	473951	0.988308	Helicobacter pylori	210	417760	0.871136
HpGP-DOM-008	469690	Helicobacter	209	461165	0.981850	Helicobacter pylori	210	403454	0.858979
HpGP-DOM-009	467915	Helicobacter	209	462412	0.988239	Helicobacter pylori	210	406801	0.869391
HpGP-DOM-010	486397	Helicobacter	209	480785	0.988462	Helicobacter pylori	210	417362	0.858069
HpGP-DOM-011	481691	Helicobacter	209	476647	0.989529	Helicobacter pylori	210	422154	0.876400
HpGP-FRA-001	515877	Helicobacter	209	510918	0.990387	Helicobacter pylori	210	450624	0.873511
HpGP-FRA-002	485301	Helicobacter	209	479835	0.988737	Helicobacter pylori	210	419536	0.864486
HpGP-FRA-003	470001	Helicobacter	209	465125	0.989626	Helicobacter pylori	210	409568	0.871419
HpGP-FRA-004	474296	Helicobacter	209	469269	0.989401	Helicobacter pylori	210	412890	0.870532
HpGP-FRA-005	476279	Helicobacter	209	470902	0.988710	Helicobacter pylori	210	414888	0.871103
HpGP-FRA-006	468874	Helicobacter	209	464001	0.989607	Helicobacter pylori	210	403778	0.861165
HpGP-FRA-007	501063	Helicobacter	209	495109	0.988117	Helicobacter pylori	210	431931	0.862029
HpGP-FRA-008	464912	Helicobacter	209	459836	0.989082	Helicobacter pylori	210	403852	0.868663
HpGP-FRA-009	471707	Helicobacter	209	465534	0.986913	Helicobacter pylori	210	409282	0.867661
HpGP-FRA-010	465458	Helicobacter	209	460457	0.989256	Helicobacter pylori	210	404394	0.868809
HpGP-FRA-011	482985	Helicobacter	209	477720	0.989099	Helicobacter pylori	210	419167	0.867868
HpGP-FRA-012	486422	Helicobacter	209	481479	0.989838	Helicobacter pylori	210	422381	0.868343
HpGP-FRA-013	474357	Helicobacter	209	469191	0.989109	Helicobacter pylori	210	413125	0.870916
HpGP-FRA-014	490216	Helicobacter	209	485269	0.989909	Helicobacter pylori	210	424634	0.866218
HpGP-FRA-015	493828	Helicobacter	209	488683	0.989581	Helicobacter pylori	210	431982	0.874762
HpGP-FRA-016	475702	Helicobacter	209	469984	0.987980	Helicobacter pylori	210	413191	0.868592
HpGP-FRA-017	490022	Helicobacter	209	484897	0.989541	Helicobacter pylori	210	426899	0.871183
HpGP-FRA-018	488201	Helicobacter	209	482997	0.989340	Helicobacter pylori	210	423415	0.867296
HpGP-FRA-019	485834	Helicobacter	209	480849	0.989739	Helicobacter pylori	210	424886	0.874550
HpGP-FRA-020	479166	Helicobacter	209	473628	0.988442	Helicobacter pylori	210	417863	0.872063
HpGP-FRA-021	474196	Helicobacter	209	468483	0.987952	Helicobacter pylori	210	412502	0.869898
HpGP-GER-001	502132	Helicobacter	209	496750	0.989282	Helicobacter pylori	210	438339	0.872956
HpGP-GER-002	487139	Helicobacter	209	482154	0.989767	Helicobacter pylori	210	423188	0.868721
HpGP-GER-003	474480	Helicobacter	209	469176	0.988821	Helicobacter pylori	210	413225	0.870901
HpGP-GER-004	485086	Helicobacter	209	480180	0.989886	Helicobacter pylori	210	417544	0.860763
HpGP-GER-005	476118	Helicobacter	209	471104	0.989469	Helicobacter pylori	210	416136	0.874019
HpGP-GER-006	457415	Helicobacter	209	451879	0.987897	Helicobacter pylori	210	396404	0.866618
HpGP-GER-007	472488	Helicobacter	209	466875	0.988120	Helicobacter pylori	210	411624	0.871184
HpGP-GER-009	479864	Helicobacter	209	474192	0.988180	Helicobacter pylori	210	418515	0.872153
HpGP-GER-010	477932	Helicobacter	209	472827	0.989319	Helicobacter pylori	210	411082	0.860127
HpGP-GER-012	494461	Helicobacter	209	488785	0.988521	Helicobacter pylori	210	432766	0.875228
HpGP-GER-013	475101	Helicobacter	209	469914	0.989082	Helicobacter pylori	210	412285	0.867784
HpGP-GER-015	494705	Helicobacter	209	488767	0.987997	Helicobacter pylori	210	431930	0.873106
HpGP-GER-016	488433	Helicobacter	209	482209	0.987257	Helicobacter pylori	210	424799	0.869718
HpGP-GER-018	475099	Helicobacter	209	468779	0.986698	Helicobacter pylori	210	408762	0.860372
HpGP-GER-019	468822	Helicobacter	209	463259	0.988134	Helicobacter pylori	210	407628	0.869473
HpGP-GER-020	479495	Helicobacter	209	473832	0.988190	Helicobacter pylori	210	417429	0.870560
HpGP-GER-021	488017	Helicobacter	209	483138	0.990002	Helicobacter pylori	210	423445	0.867685
HpGP-GHA-003	462587	Helicobacter	209	457268	0.988502	Helicobacter pylori	210	402689	0.870515
HpGP-GHA-009	491687	Helicobacter	209	486599	0.989652	Helicobacter pylori	210	429646	0.873820
HpGP-GMB-003	460755	Helicobacter	209	455736	0.989107	Helicobacter pylori	210	400272	0.868731
HpGP-GMB-004	474362	Helicobacter	209	469417	0.989575	Helicobacter pylori	210	410925	0.866269
HpGP-GMB-007	488636	Helicobacter	209	483634	0.989763	Helicobacter pylori	210	424330	0.868397
HpGP-GMB-008	490728	Helicobacter	209	485566	0.989481	Helicobacter pylori	210	424767	0.865585
HpGP-GMB-009	470464	Helicobacter	209	465501	0.989451	Helicobacter pylori	210	411189	0.874007
HpGP-GRE-001	490434	Helicobacter	209	484942	0.988802	Helicobacter pylori	210	428542	0.873802
HpGP-GRE-002	486864	Helicobacter	209	481910	0.989825	Helicobacter pylori	210	420955	0.864625
HpGP-GRE-003	477469	Helicobacter	209	469771	0.983877	Helicobacter pylori	210	412792	0.864542
HpGP-GRE-004	471093	Helicobacter	209	466166	0.989541	Helicobacter pylori	210	409912	0.870130
HpGP-GRE-005	488507	Helicobacter	209	483526	0.989804	Helicobacter pylori	210	421395	0.862618
HpGP-GRE-006	481539	Helicobacter	209	474430	0.985237	Helicobacter pylori	210	413679	0.859077
HpGP-GRE-008	492205	Helicobacter	209	486922	0.989267	Helicobacter pylori	210	425808	0.865103
HpGP-GRE-011	489960	Helicobacter	209	483801	0.987430	Helicobacter pylori	210	423801	0.864971
HpGP-GRE-012	470028	Helicobacter	209	465138	0.989596	Helicobacter pylori	210	409052	0.870272
HpGP-GRE-018	499974	Helicobacter	209	494800	0.989651	Helicobacter pylori	210	432492	0.865029
HpGP-GRE-019	495272	Helicobacter	209	489980	0.989315	Helicobacter pylori	210	429931	0.868070
HpGP-GRE-020	470054	Helicobacter	209	464985	0.989216	Helicobacter pylori	210	408423	0.868885
HpGP-GRE-022	496123	Helicobacter	209	489965	0.987588	Helicobacter pylori	210	430447	0.867622
HpGP-GRE-036	471803	Helicobacter	209	464288	0.984072	Helicobacter pylori	210	408334	0.865476
HpGP-GRE-039	467965	Helicobacter	209	462988	0.989365	Helicobacter pylori	210	406833	0.869366
HpGP-GRE-040	482945	Helicobacter	209	477365	0.988446	Helicobacter pylori	210	421125	0.871994
HpGP-GRE-041	476363	Helicobacter	209	469906	0.986445	Helicobacter pylori	210	413838	0.868745
HpGP-GRE-042	484536	Helicobacter	209	479384	0.989367	Helicobacter pylori	210	416349	0.859274
HpGP-GRE-043	485795	Helicobacter	209	480776	0.989668	Helicobacter pylori	210	421451	0.867549
HpGP-GRE-044	491621	Helicobacter	209	485584	0.987720	Helicobacter pylori	210	422699	0.859807
HpGP-GRE-046	476633	Helicobacter	209	470177	0.986455	Helicobacter pylori	210	414088	0.868777
HpGP-GTM-004	507770	Helicobacter	209	502545	0.989710	Helicobacter pylori	210	442872	0.872190
HpGP-GTM-007	477618	Helicobacter	209	472401	0.989077	Helicobacter pylori	210	417377	0.873872
HpGP-GTM-010	489199	Helicobacter	209	484089	0.989554	Helicobacter pylori	210	428643	0.876214
HpGP-HON-001	484346	Helicobacter	209	478960	0.988880	Helicobacter pylori	210	421660	0.870576
HpGP-HON-002	484361	Helicobacter	209	479035	0.989004	Helicobacter pylori	210	422042	0.871338
HpGP-HON-003	498674	Helicobacter	209	493669	0.989963	Helicobacter pylori	210	435169	0.872652
HpGP-HON-004	482526	Helicobacter	209	477510	0.989605	Helicobacter pylori	210	422479	0.875557
HpGP-HON-005	502992	Helicobacter	209	498041	0.990157	Helicobacter pylori	210	435423	0.865666
HpGP-HON-006	485867	Helicobacter	209	480754	0.989477	Helicobacter pylori	210	424456	0.873605
HpGP-HON-007	497722	Helicobacter	209	492710	0.989930	Helicobacter pylori	210	434276	0.872527
HpGP-HON-009	486432	Helicobacter	209	481488	0.989836	Helicobacter pylori	210	422528	0.868627
HpGP-HON-010	494107	Helicobacter	209	489062	0.989790	Helicobacter pylori	210	428635	0.867494
HpGP-HON-011	484309	Helicobacter	209	479354	0.989769	Helicobacter pylori	210	422884	0.873170
HpGP-HON-012	477753	Helicobacter	209	472678	0.989377	Helicobacter pylori	210	417689	0.874278
HpGP-HON-013	481690	Helicobacter	209	476648	0.989533	Helicobacter pylori	210	421358	0.874749
HpGP-HON-014	492667	Helicobacter	209	487341	0.989189	Helicobacter pylori	210	426938	0.866585
HpGP-HON-015	478761	Helicobacter	209	473636	0.989295	Helicobacter pylori	210	418103	0.873302
HpGP-HON-016	481491	Helicobacter	209	476410	0.989447	Helicobacter pylori	210	420880	0.874118
HpGP-HON-017	483534	Helicobacter	209	478626	0.989850	Helicobacter pylori	210	423289	0.875407
HpGP-HON-018	485752	Helicobacter	209	480783	0.989771	Helicobacter pylori	210	425138	0.875216
HpGP-HON-019	487909	Helicobacter	209	482467	0.988846	Helicobacter pylori	210	427300	0.875778
HpGP-HON-020	484121	Helicobacter	209	479177	0.989788	Helicobacter pylori	210	422768	0.873269
HpGP-HON-021	500592	Helicobacter	209	494999	0.988827	Helicobacter pylori	210	435503	0.869976
HpGP-HON-023	479103	Helicobacter	209	474035	0.989422	Helicobacter pylori	210	418559	0.873631
HpGP-HON-024	470274	Helicobacter	209	465289	0.989400	Helicobacter pylori	210	408353	0.868330
HpGP-HON-025	489880	Helicobacter	209	483003	0.985962	Helicobacter pylori	210	423512	0.864522
HpGP-HON-026	480112	Helicobacter	209	474542	0.988399	Helicobacter pylori	210	417117	0.868791
HpGP-HON-027	476213	Helicobacter	209	470790	0.988612	Helicobacter pylori	210	413996	0.869350
HpGP-HON-028	511631	Helicobacter	209	506138	0.989264	Helicobacter pylori	210	445148	0.870057
HpGP-IDN-001	480785	Helicobacter	209	474722	0.987389	Helicobacter pylori	210	411991	0.856913
HpGP-IDN-002	452228	Helicobacter	209	447387	0.989295	Helicobacter pylori	210	393068	0.869181
HpGP-IDN-003	470217	Helicobacter	209	464976	0.988854	Helicobacter pylori	210	405318	0.861981
HpGP-IDN-004	472166	Helicobacter	209	467177	0.989434	Helicobacter pylori	210	412138	0.872867
HpGP-IDN-005	471829	Helicobacter	209	466700	0.989130	Helicobacter pylori	210	405670	0.859782
HpGP-IDN-006	467977	Helicobacter	209	462423	0.988132	Helicobacter pylori	210	405763	0.867058
HpGP-IDN-007	454952	Helicobacter	209	449771	0.988612	Helicobacter pylori	210	394965	0.868147
HpGP-IDN-008	458520	Helicobacter	209	453474	0.988995	Helicobacter pylori	210	398671	0.869474
HpGP-IDN-009	485577	Helicobacter	209	480490	0.989524	Helicobacter pylori	210	421107	0.867230
HpGP-IDN-010	474656	Helicobacter	209	467914	0.985796	Helicobacter pylori	210	404711	0.852641
HpGP-IDN-011	418531	Helicobacter	209	413942	0.989035	Helicobacter pylori	210	359286	0.858445
HpGP-IND-001	454941	Helicobacter	209	449334	0.987675	Helicobacter pylori	210	395662	0.869700
HpGP-IND-002	479518	Helicobacter	209	473332	0.987100	Helicobacter pylori	210	417313	0.870276
HpGP-IND-003	493950	Helicobacter	209	488956	0.989890	Helicobacter pylori	210	427498	0.865468
HpGP-IND-004	475715	Helicobacter	209	470704	0.989466	Helicobacter pylori	210	409085	0.859937
HpGP-IND-005	468847	Helicobacter	209	463817	0.989272	Helicobacter pylori	210	408748	0.871815
HpGP-IND-006	490242	Helicobacter	209	484917	0.989138	Helicobacter pylori	210	424574	0.866050
HpGP-IND-007	465649	Helicobacter	209	460521	0.988987	Helicobacter pylori	210	406480	0.872932
HpGP-IND-008	466406	Helicobacter	209	461171	0.988776	Helicobacter pylori	210	401150	0.860088
HpGP-IND-009	465273	Helicobacter	209	459740	0.988108	Helicobacter pylori	210	399110	0.857797
HpGP-IND-010	460598	Helicobacter	209	455380	0.988671	Helicobacter pylori	210	400686	0.869926
HpGP-IRN-001	501422	Helicobacter	209	496365	0.989915	Helicobacter pylori	210	433774	0.865088
HpGP-IRN-002	462589	Helicobacter	209	457614	0.989245	Helicobacter pylori	210	402077	0.869188
HpGP-IRN-003	477830	Helicobacter	209	472004	0.987807	Helicobacter pylori	210	412062	0.862361
HpGP-IRN-009	476234	Helicobacter	209	469994	0.986897	Helicobacter pylori	210	409864	0.860636
HpGP-ISL-001	479536	Helicobacter	209	474165	0.988800	Helicobacter pylori	210	418876	0.873503
HpGP-ISL-002	470052	Helicobacter	209	464895	0.989029	Helicobacter pylori	210	409678	0.871559
HpGP-ISL-003	470266	Helicobacter	209	465139	0.989098	Helicobacter pylori	210	410355	0.872602
HpGP-ISL-004	462657	Helicobacter	209	457215	0.988238	Helicobacter pylori	210	402318	0.869582
HpGP-ISL-005	473757	Helicobacter	209	467867	0.987567	Helicobacter pylori	210	412084	0.869821
HpGP-ISL-006	487063	Helicobacter	209	481640	0.988866	Helicobacter pylori	210	426929	0.876538
HpGP-ISL-007	458761	Helicobacter	209	452787	0.986978	Helicobacter pylori	210	397787	0.867090
HpGP-ISL-008	460392	Helicobacter	209	455219	0.988764	Helicobacter pylori	210	399861	0.868523
HpGP-ISL-009	456653	Helicobacter	209	451698	0.989149	Helicobacter pylori	210	396979	0.869323
HpGP-ISL-010	456512	Helicobacter	209	451406	0.988815	Helicobacter pylori	210	396671	0.868917
HpGP-ISL-011	469943	Helicobacter	209	464964	0.989405	Helicobacter pylori	210	409744	0.871901
HpGP-ISR-001	486878	Helicobacter	209	481793	0.989556	Helicobacter pylori	210	417971	0.858472
HpGP-ISR-002	485714	Helicobacter	209	480342	0.988940	Helicobacter pylori	210	417630	0.859827
HpGP-ISR-003	493536	Helicobacter	209	488359	0.989510	Helicobacter pylori	210	426693	0.864563
HpGP-ISR-004	483064	Helicobacter	209	476959	0.987362	Helicobacter pylori	210	413702	0.856412
HpGP-ISR-005	480294	Helicobacter	209	474564	0.988070	Helicobacter pylori	210	418722	0.871804
HpGP-ISR-006	480319	Helicobacter	209	474535	0.987958	Helicobacter pylori	210	416446	0.867020
HpGP-ISR-007	478706	Helicobacter	209	473241	0.988584	Helicobacter pylori	210	413983	0.864796
HpGP-ISR-008	488222	Helicobacter	209	482130	0.987522	Helicobacter pylori	210	421227	0.862778
HpGP-ISR-009	469319	Helicobacter	209	462438	0.985338	Helicobacter pylori	210	406391	0.865916
HpGP-ISR-010	481674	Helicobacter	209	475510	0.987203	Helicobacter pylori	210	416004	0.863663
HpGP-ITA-001	471286	Helicobacter	209	466275	0.989367	Helicobacter pylori	210	410724	0.871496
HpGP-ITA-002	478833	Helicobacter	209	473941	0.989783	Helicobacter pylori	210	416961	0.870786
HpGP-ITA-003	471499	Helicobacter	209	465185	0.986609	Helicobacter pylori	210	409014	0.867476
HpGP-ITA-004	484553	Helicobacter	209	479494	0.989559	Helicobacter pylori	210	423393	0.873781
HpGP-ITA-005	476271	Helicobacter	209	470916	0.988756	Helicobacter pylori	210	410957	0.862864
HpGP-ITA-006	467784	Helicobacter	209	462728	0.989192	Helicobacter pylori	210	406165	0.868275
HpGP-ITA-007	475306	Helicobacter	209	469817	0.988452	Helicobacter pylori	210	413506	0.869978
HpGP-ITA-008	476227	Helicobacter	209	471154	0.989348	Helicobacter pylori	210	414544	0.870476
HpGP-ITA-009	497360	Helicobacter	209	492230	0.989686	Helicobacter pylori	210	429710	0.863982
HpGP-ITA-010	476821	Helicobacter	209	471694	0.989248	Helicobacter pylori	210	415987	0.872418
HpGP-ITA-011	465512	Helicobacter	209	460634	0.989521	Helicobacter pylori	210	404214	0.868321
HpGP-ITA-012	489061	Helicobacter	209	483820	0.989284	Helicobacter pylori	210	425563	0.870163
HpGP-ITA-013	474256	Helicobacter	209	468877	0.988658	Helicobacter pylori	210	408731	0.861836
HpGP-ITA-014	496751	Helicobacter	209	491683	0.989798	Helicobacter pylori	210	429816	0.865254
HpGP-ITA-015	489068	Helicobacter	209	482950	0.987490	Helicobacter pylori	210	425442	0.869904
HpGP-ITA-016	484420	Helicobacter	209	479466	0.989773	Helicobacter pylori	210	418621	0.864170
HpGP-ITA-017	484879	Helicobacter	209	479703	0.989325	Helicobacter pylori	210	420760	0.867763
HpGP-ITA-018	499179	Helicobacter	209	493863	0.989351	Helicobacter pylori	210	431858	0.865137
HpGP-ITA-019	496323	Helicobacter	209	490465	0.988197	Helicobacter pylori	210	430067	0.866506
HpGP-ITA-020	483576	Helicobacter	209	478434	0.989367	Helicobacter pylori	210	422739	0.874194
HpGP-ITA-022	485482	Helicobacter	209	480405	0.989542	Helicobacter pylori	210	419980	0.865078
HpGP-ITA-023	492296	Helicobacter	209	486918	0.989076	Helicobacter pylori	210	425645	0.864612
HpGP-ITA-024	486430	Helicobacter	209	481274	0.989400	Helicobacter pylori	210	425080	0.873877
HpGP-ITA-025	469545	Helicobacter	209	464682	0.989643	Helicobacter pylori	210	408678	0.870370
HpGP-ITA-026	489482	Helicobacter	209	484217	0.989244	Helicobacter pylori	210	423152	0.864489
HpGP-ITA-027	490606	Helicobacter	209	484445	0.987442	Helicobacter pylori	210	424540	0.865338
HpGP-ITA-028	478415	Helicobacter	209	472809	0.988282	Helicobacter pylori	210	417361	0.872383
HpGP-ITA-029	480899	Helicobacter	209	475945	0.989698	Helicobacter pylori	210	418649	0.870555
HpGP-ITA-030	483433	Helicobacter	209	478108	0.988985	Helicobacter pylori	210	421428	0.871740
HpGP-JAP-002	474924	Helicobacter	209	469753	0.989112	Helicobacter pylori	210	412489	0.868537
HpGP-JAP-009	490016	Helicobacter	209	484889	0.989537	Helicobacter pylori	210	422371	0.861953
HpGP-JAP-010	475800	Helicobacter	209	470503	0.988867	Helicobacter pylori	210	415417	0.873092
HpGP-JAP-012	477060	Helicobacter	209	471836	0.989050	Helicobacter pylori	210	416379	0.872802
HpGP-JAP-013	489767	Helicobacter	209	484897	0.990056	Helicobacter pylori	210	425777	0.869346
HpGP-JAP-015	480091	Helicobacter	209	474853	0.989090	Helicobacter pylori	210	420113	0.875070
HpGP-JAP-016	492393	Helicobacter	209	487431	0.989923	Helicobacter pylori	210	431953	0.877253
HpGP-JAP-017	497937	Helicobacter	209	492566	0.989213	Helicobacter pylori	210	430466	0.864499
HpGP-JAP-019	479419	Helicobacter	209	474357	0.989441	Helicobacter pylori	210	418866	0.873695
HpGP-JAP-021	475059	Helicobacter	209	469388	0.988063	Helicobacter pylori	210	414555	0.872639
HpGP-JAP-022	476806	Helicobacter	209	471699	0.989289	Helicobacter pylori	210	416730	0.874003
HpGP-JAP-026	479021	Helicobacter	209	473937	0.989387	Helicobacter pylori	210	419426	0.875590
HpGP-JAP-028	489761	Helicobacter	209	484549	0.989358	Helicobacter pylori	210	423804	0.865328
HpGP-JAP-029	478751	Helicobacter	209	473490	0.989011	Helicobacter pylori	210	418225	0.873575
HpGP-JAP-101	474818	Helicobacter	209	469756	0.989339	Helicobacter pylori	210	412415	0.868575
HpGP-JAP-102	503062	Helicobacter	209	497861	0.989661	Helicobacter pylori	210	442021	0.878661
HpGP-JAP-103	467939	Helicobacter	209	463011	0.989469	Helicobacter pylori	210	408078	0.872075
HpGP-JAP-104	500438	Helicobacter	209	495266	0.989665	Helicobacter pylori	210	439636	0.878502
HpGP-JAP-105	480678	Helicobacter	209	475417	0.989055	Helicobacter pylori	210	420628	0.875072
HpGP-JAP-106	486114	Helicobacter	209	481072	0.989628	Helicobacter pylori	210	425147	0.874583
HpGP-JAP-107	482784	Helicobacter	209	477549	0.989157	Helicobacter pylori	210	422315	0.874749
HpGP-JAP-108	472573	Helicobacter	209	467637	0.989555	Helicobacter pylori	210	412626	0.873148
HpGP-JAP-109	482346	Helicobacter	209	477269	0.989474	Helicobacter pylori	210	422201	0.875307
HpGP-JAP-110	491023	Helicobacter	209	486017	0.989805	Helicobacter pylori	210	427324	0.870273
HpGP-JAP-111	487216	Helicobacter	209	482259	0.989826	Helicobacter pylori	210	428073	0.878610
HpGP-JAP-112	492095	Helicobacter	209	487067	0.989782	Helicobacter pylori	210	427836	0.869417
HpGP-JAP-113	501170	Helicobacter	209	496003	0.989690	Helicobacter pylori	210	440642	0.879227
HpGP-JAP-114	491940	Helicobacter	209	486757	0.989464	Helicobacter pylori	210	425899	0.865754
HpGP-JAP-115	484945	Helicobacter	209	479562	0.988900	Helicobacter pylori	210	420484	0.867076
HpGP-JOR-001	486687	Helicobacter	209	481519	0.989381	Helicobacter pylori	210	418350	0.859587
HpGP-JOR-002	475765	Helicobacter	209	469588	0.987017	Helicobacter pylori	210	413317	0.868742
HpGP-JOR-003	501811	Helicobacter	209	495849	0.988119	Helicobacter pylori	210	433891	0.864650
HpGP-JOR-004	497414	Helicobacter	209	492262	0.989642	Helicobacter pylori	210	433072	0.870647
HpGP-JOR-005	503385	Helicobacter	209	496815	0.986948	Helicobacter pylori	210	434341	0.862841
HpGP-JOR-006	509121	Helicobacter	209	503856	0.989659	Helicobacter pylori	210	438640	0.861563
HpGP-JOR-007	490223	Helicobacter	209	484806	0.988950	Helicobacter pylori	210	426378	0.869763
HpGP-JOR-008	498387	Helicobacter	209	492267	0.987720	Helicobacter pylori	210	427682	0.858132
HpGP-JOR-009	483195	Helicobacter	209	478146	0.989551	Helicobacter pylori	210	414695	0.858235
HpGP-JOR-010	475337	Helicobacter	209	469442	0.987598	Helicobacter pylori	210	412997	0.868851
HpGP-KAZ-001	490326	Helicobacter	209	485361	0.989874	Helicobacter pylori	210	424845	0.866454
HpGP-KAZ-002	481460	Helicobacter	209	476215	0.989106	Helicobacter pylori	210	417500	0.867154
HpGP-KGZ-001	495671	Helicobacter	209	489713	0.987980	Helicobacter pylori	210	428555	0.864596
HpGP-KGZ-002	505910	Helicobacter	209	499837	0.987996	Helicobacter pylori	210	439216	0.868170
HpGP-KGZ-003	478892	Helicobacter	209	473365	0.988459	Helicobacter pylori	210	411132	0.858507
HpGP-KGZ-004	492241	Helicobacter	209	486727	0.988798	Helicobacter pylori	210	426915	0.867289
HpGP-KGZ-005	485224	Helicobacter	209	480179	0.989603	Helicobacter pylori	210	424625	0.875111
HpGP-KGZ-006	477435	Helicobacter	209	471041	0.986608	Helicobacter pylori	210	408363	0.855327
HpGP-KGZ-007	498248	Helicobacter	209	492307	0.988076	Helicobacter pylori	210	430173	0.863371
HpGP-KGZ-008	495827	Helicobacter	209	489808	0.987861	Helicobacter pylori	210	427904	0.863011
HpGP-KGZ-009	484863	Helicobacter	209	479666	0.989282	Helicobacter pylori	210	421566	0.869454
HpGP-KGZ-010	499234	Helicobacter	209	492285	0.986081	Helicobacter pylori	210	431944	0.865214
HpGP-KOR-001	493394	Helicobacter	209	488278	0.989631	Helicobacter pylori	210	432214	0.876002
HpGP-KOR-002	481859	Helicobacter	209	476774	0.989447	Helicobacter pylori	210	417208	0.865830
HpGP-KOR-004	479290	Helicobacter	209	474260	0.989505	Helicobacter pylori	210	419270	0.874773
HpGP-KOR-005	492662	Helicobacter	209	487613	0.989752	Helicobacter pylori	210	428460	0.869683
HpGP-KOR-006	480379	Helicobacter	209	475446	0.989731	Helicobacter pylori	210	416469	0.866959
HpGP-KOR-007	475200	Helicobacter	209	470126	0.989322	Helicobacter pylori	210	414988	0.873291
HpGP-KOR-008	474825	Helicobacter	209	469677	0.989158	Helicobacter pylori	210	414233	0.872391
HpGP-KOR-009	482589	Helicobacter	209	477118	0.988663	Helicobacter pylori	210	418785	0.867788
HpGP-KOR-010	477622	Helicobacter	209	472696	0.989686	Helicobacter pylori	210	416953	0.872977
HpGP-KOR-012	489427	Helicobacter	209	484253	0.989428	Helicobacter pylori	210	426950	0.872347
HpGP-KOR-013	493055	Helicobacter	209	488202	0.990157	Helicobacter pylori	210	428285	0.868635
HpGP-KOR-014	471289	Helicobacter	209	466206	0.989215	Helicobacter pylori	210	411435	0.872999
HpGP-KOR-016	477089	Helicobacter	209	471922	0.989170	Helicobacter pylori	210	416601	0.873214
HpGP-KOR-019	488082	Helicobacter	209	482028	0.987596	Helicobacter pylori	210	423915	0.868532
HpGP-KOR-020	498014	Helicobacter	209	492756	0.989442	Helicobacter pylori	210	431476	0.866393
HpGP-KOR-021	474343	Helicobacter	209	469130	0.989010	Helicobacter pylori	210	412529	0.869685
HpGP-KOR-022	473821	Helicobacter	209	468723	0.989241	Helicobacter pylori	210	412717	0.871040
HpGP-KOR-023	481759	Helicobacter	209	476502	0.989088	Helicobacter pylori	210	420112	0.872038
HpGP-KOR-024	490039	Helicobacter	209	484938	0.989591	Helicobacter pylori	210	424047	0.865333
HpGP-KOR-025	487451	Helicobacter	209	482450	0.989741	Helicobacter pylori	210	420430	0.862507
HpGP-KOR-027	490079	Helicobacter	209	485094	0.989828	Helicobacter pylori	210	423747	0.864650
HpGP-KOR-028	475284	Helicobacter	209	470195	0.989293	Helicobacter pylori	210	414941	0.873038
HpGP-KOR-029	481731	Helicobacter	209	476667	0.989488	Helicobacter pylori	210	421122	0.874185
HpGP-KOR-032	497520	Helicobacter	209	491706	0.988314	Helicobacter pylori	210	435911	0.876168
HpGP-KOR-033	486510	Helicobacter	209	481270	0.989229	Helicobacter pylori	210	419975	0.863240
HpGP-KOR-034	483076	Helicobacter	209	478045	0.989585	Helicobacter pylori	210	420159	0.869758
HpGP-KOR-035	477186	Helicobacter	209	472006	0.989145	Helicobacter pylori	210	417296	0.874493
HpGP-KOR-036	482565	Helicobacter	209	475849	0.986083	Helicobacter pylori	210	418061	0.866331
HpGP-KOR-037	493789	Helicobacter	209	488414	0.989115	Helicobacter pylori	210	429553	0.869912
HpGP-KOR-041	485048	Helicobacter	209	479940	0.989469	Helicobacter pylori	210	417392	0.860517
HpGP-KOR-042	482202	Helicobacter	209	477247	0.989724	Helicobacter pylori	210	418196	0.867263
HpGP-KOR-043	487952	Helicobacter	209	482552	0.988933	Helicobacter pylori	210	424984	0.870955
HpGP-KOR-044	485043	Helicobacter	209	479936	0.989471	Helicobacter pylori	210	419137	0.864123
HpGP-KOR-045	484542	Helicobacter	209	479482	0.989557	Helicobacter pylori	210	419034	0.864804
HpGP-KOR-046	488014	Helicobacter	209	482500	0.988701	Helicobacter pylori	210	423821	0.868461
HpGP-KOR-047	473407	Helicobacter	209	468374	0.989369	Helicobacter pylori	210	413237	0.872900
HpGP-KOR-048	475417	Helicobacter	209	470385	0.989416	Helicobacter pylori	210	414731	0.872352
HpGP-KOR-049	487224	Helicobacter	209	482159	0.989604	Helicobacter pylori	210	420357	0.862759
HpGP-KOR-050	485769	Helicobacter	209	480577	0.989312	Helicobacter pylori	210	421763	0.868238
HpGP-KOR-051	488119	Helicobacter	209	483019	0.989552	Helicobacter pylori	210	421411	0.863337
HpGP-KOR-052	474497	Helicobacter	209	469327	0.989104	Helicobacter pylori	210	414068	0.872646
HpGP-KOR-053	476587	Helicobacter	209	471501	0.989328	Helicobacter pylori	210	416113	0.873110
HpGP-KOR-101	491094	Helicobacter	209	486134	0.989900	Helicobacter pylori	210	424622	0.864645
HpGP-KOR-105	482624	Helicobacter	209	477432	0.989242	Helicobacter pylori	210	422568	0.875564
HpGP-KOR-109	486610	Helicobacter	209	481098	0.988673	Helicobacter pylori	210	422341	0.867925
HpGP-KOR-110	489402	Helicobacter	209	484320	0.989616	Helicobacter pylori	210	428470	0.875497
HpGP-KOR-111	494395	Helicobacter	209	488867	0.988819	Helicobacter pylori	210	426150	0.861963
HpGP-KOR-112	485788	Helicobacter	209	480826	0.989786	Helicobacter pylori	210	419516	0.863578
HpGP-KOR-114	487612	Helicobacter	209	482229	0.988960	Helicobacter pylori	210	423799	0.869132
HpGP-KOR-115	475259	Helicobacter	209	470166	0.989284	Helicobacter pylori	210	414921	0.873042
HpGP-KOR-116	500700	Helicobacter	209	495653	0.989920	Helicobacter pylori	210	432565	0.863921
HpGP-KOR-117	484620	Helicobacter	209	479722	0.989893	Helicobacter pylori	210	420488	0.867665
HpGP-KOR-118	489332	Helicobacter	209	483810	0.988715	Helicobacter pylori	210	421850	0.862094
HpGP-KOR-119	480950	Helicobacter	209	475708	0.989101	Helicobacter pylori	210	419936	0.873139
HpGP-LAT-001	490523	Helicobacter	209	484595	0.987915	Helicobacter pylori	210	425581	0.867607
HpGP-LAT-002	474866	Helicobacter	209	469486	0.988670	Helicobacter pylori	210	409609	0.862578
HpGP-LAT-003	493449	Helicobacter	209	486013	0.984931	Helicobacter pylori	210	427293	0.865931
HpGP-LAT-004	494294	Helicobacter	209	488829	0.988944	Helicobacter pylori	210	424780	0.859367
HpGP-LAT-005	493628	Helicobacter	209	488011	0.988621	Helicobacter pylori	210	425555	0.862097
HpGP-LAT-006	485563	Helicobacter	209	479431	0.987371	Helicobacter pylori	210	419347	0.863630
HpGP-LAT-007	495059	Helicobacter	209	489489	0.988749	Helicobacter pylori	210	425747	0.859992
HpGP-LAT-008	475499	Helicobacter	209	470398	0.989272	Helicobacter pylori	210	408446	0.858984
HpGP-LAT-009	487293	Helicobacter	209	482409	0.989977	Helicobacter pylori	210	426295	0.874823
HpGP-LAT-010	474814	Helicobacter	209	469681	0.989189	Helicobacter pylori	210	410870	0.865328
HpGP-LAT-011	488021	Helicobacter	209	482535	0.988759	Helicobacter pylori	210	425775	0.872452
HpGP-LAT-012	478078	Helicobacter	209	471677	0.986611	Helicobacter pylori	210	416099	0.870358
HpGP-LAT-014	487100	Helicobacter	209	482075	0.989684	Helicobacter pylori	210	422258	0.866882
HpGP-LAT-015	480190	Helicobacter	209	474951	0.989090	Helicobacter pylori	210	415725	0.865751
HpGP-LAT-017	495924	Helicobacter	209	489434	0.986913	Helicobacter pylori	210	430555	0.868187
HpGP-LAT-018	483825	Helicobacter	209	478802	0.989618	Helicobacter pylori	210	422427	0.873099
HpGP-LAT-019	483337	Helicobacter	209	477341	0.987595	Helicobacter pylori	210	417867	0.864546
HpGP-LAT-020	500165	Helicobacter	209	492596	0.984867	Helicobacter pylori	210	431853	0.863421
HpGP-LAT-021	492846	Helicobacter	209	487707	0.989573	Helicobacter pylori	210	425514	0.863381
HpGP-LAT-022	506055	Helicobacter	209	498563	0.985195	Helicobacter pylori	210	434770	0.859136
HpGP-LAT-023	484885	Helicobacter	209	479696	0.989298	Helicobacter pylori	210	423165	0.872712
HpGP-LAT-024	483738	Helicobacter	209	478473	0.989116	Helicobacter pylori	210	417810	0.863711
HpGP-LAT-025	488846	Helicobacter	209	483807	0.989692	Helicobacter pylori	210	423422	0.866166
HpGP-LAT-026	490966	Helicobacter	209	485402	0.988667	Helicobacter pylori	210	429231	0.874258
HpGP-LAT-027	470404	Helicobacter	209	465285	0.989118	Helicobacter pylori	210	408662	0.868747
HpGP-LAT-028	499712	Helicobacter	209	494224	0.989018	Helicobacter pylori	210	432035	0.864568
HpGP-LAT-029	490633	Helicobacter	209	485303	0.989136	Helicobacter pylori	210	423505	0.863181
HpGP-LAT-030	473322	Helicobacter	209	468185	0.989147	Helicobacter pylori	210	412609	0.871730
HpGP-LAT-031	480983	Helicobacter	209	475962	0.989561	Helicobacter pylori	210	419680	0.872546
HpGP-LAT-032	487920	Helicobacter	209	482515	0.988922	Helicobacter pylori	210	425665	0.872407
HpGP-LAT-033	476094	Helicobacter	209	467235	0.981392	Helicobacter pylori	210	410558	0.862347
HpGP-LAT-034	478469	Helicobacter	209	473231	0.989053	Helicobacter pylori	210	417331	0.872222
HpGP-LAT-035	482380	Helicobacter	209	477236	0.989336	Helicobacter pylori	210	414818	0.859940
HpGP-LAT-036	481270	Helicobacter	209	474744	0.986440	Helicobacter pylori	210	417693	0.867897
HpGP-LIT-001	492000	Helicobacter	209	485491	0.986770	Helicobacter pylori	210	425361	0.864555
HpGP-LIT-002	473769	Helicobacter	209	468543	0.988969	Helicobacter pylori	210	412866	0.871450
HpGP-LIT-003	486573	Helicobacter	209	481573	0.989724	Helicobacter pylori	210	421940	0.867167
HpGP-LIT-004	496002	Helicobacter	209	490496	0.988899	Helicobacter pylori	210	426960	0.860803
HpGP-LIT-006	481807	Helicobacter	209	476883	0.989780	Helicobacter pylori	210	420531	0.872820
HpGP-LIT-007	501587	Helicobacter	209	496331	0.989521	Helicobacter pylori	210	430321	0.857919
HpGP-LIT-008	460071	Helicobacter	209	455143	0.989289	Helicobacter pylori	210	399830	0.869062
HpGP-LIT-010	491474	Helicobacter	209	485281	0.987399	Helicobacter pylori	210	428041	0.870933
HpGP-LIT-012	476985	Helicobacter	209	471931	0.989404	Helicobacter pylori	210	415988	0.872120
HpGP-LIT-013	488053	Helicobacter	209	480028	0.983557	Helicobacter pylori	210	423955	0.868666
HpGP-LIT-020	475011	Helicobacter	209	469595	0.988598	Helicobacter pylori	210	413788	0.871112
HpGP-LIT-021	492405	Helicobacter	209	485883	0.986755	Helicobacter pylori	210	428604	0.870430
HpGP-LIT-023	485671	Helicobacter	209	480661	0.989684	Helicobacter pylori	210	419808	0.864388
HpGP-LIT-024	505399	Helicobacter	209	499227	0.987788	Helicobacter pylori	210	436957	0.864578
HpGP-LIT-025	487691	Helicobacter	209	482256	0.988856	Helicobacter pylori	210	420659	0.862552
HpGP-LIT-026	493616	Helicobacter	209	488017	0.988657	Helicobacter pylori	210	428433	0.867948
HpGP-LIT-028	494885	Helicobacter	209	489813	0.989751	Helicobacter pylori	210	429062	0.866993
HpGP-LIT-029	482010	Helicobacter	209	476946	0.989494	Helicobacter pylori	210	421089	0.873611
HpGP-LIT-030	487246	Helicobacter	209	482047	0.989330	Helicobacter pylori	210	420963	0.863964
HpGP-LIT-031	485062	Helicobacter	209	479498	0.988529	Helicobacter pylori	210	420030	0.865931
HpGP-LIT-032	478996	Helicobacter	209	473588	0.988710	Helicobacter pylori	210	417503	0.871621
HpGP-LIT-035	483578	Helicobacter	209	478271	0.989026	Helicobacter pylori	210	418755	0.865951
HpGP-LIT-041	486995	Helicobacter	209	481999	0.989741	Helicobacter pylori	210	422140	0.866826
HpGP-MAL-002	476476	Helicobacter	209	470425	0.987301	Helicobacter pylori	210	410142	0.860782
HpGP-MAL-003	483956	Helicobacter	209	479020	0.989801	Helicobacter pylori	210	420589	0.869065
HpGP-MAL-004	470041	Helicobacter	209	464749	0.988741	Helicobacter pylori	210	405249	0.862157
HpGP-MAL-005	475275	Helicobacter	209	469438	0.987719	Helicobacter pylori	210	414072	0.871226
HpGP-MAL-006	500235	Helicobacter	209	495015	0.989565	Helicobacter pylori	210	432347	0.864288
HpGP-MAL-007	483649	Helicobacter	209	477870	0.988051	Helicobacter pylori	210	414892	0.857837
HpGP-MAL-008	469839	Helicobacter	209	464546	0.988734	Helicobacter pylori	210	409545	0.871671
HpGP-MAL-010	485963	Helicobacter	209	480541	0.988843	Helicobacter pylori	210	421890	0.868153
HpGP-MAL-012	478159	Helicobacter	209	472972	0.989152	Helicobacter pylori	210	417070	0.872241
HpGP-MAL-015	487520	Helicobacter	209	482335	0.989365	Helicobacter pylori	210	419250	0.859965
HpGP-MAL-016	472337	Helicobacter	209	466292	0.987202	Helicobacter pylori	210	407929	0.863640
HpGP-MAL-017	453873	Helicobacter	209	448851	0.988935	Helicobacter pylori	210	394673	0.869567
HpGP-MAL-018	489284	Helicobacter	209	484213	0.989636	Helicobacter pylori	210	422102	0.862693
HpGP-MAL-019	459226	Helicobacter	209	454032	0.988690	Helicobacter pylori	210	400082	0.871209
HpGP-MAL-020	475430	Helicobacter	209	470374	0.989365	Helicobacter pylori	210	415237	0.873393
HpGP-MAL-021	498717	Helicobacter	209	493647	0.989834	Helicobacter pylori	210	430781	0.863778
HpGP-MAL-022	472773	Helicobacter	209	467795	0.989471	Helicobacter pylori	210	411969	0.871389
HpGP-MAL-023	475736	Helicobacter	209	470660	0.989330	Helicobacter pylori	210	414999	0.872330
HpGP-MAL-025	466994	Helicobacter	209	461695	0.988653	Helicobacter pylori	210	402463	0.861816
HpGP-MEX-001	510077	Helicobacter	209	504776	0.989607	Helicobacter pylori	210	443169	0.868828
HpGP-MEX-002	499768	Helicobacter	209	494788	0.990035	Helicobacter pylori	210	436017	0.872439
HpGP-MEX-003	497361	Helicobacter	209	492367	0.989959	Helicobacter pylori	210	431916	0.868415
HpGP-MEX-004	486312	Helicobacter	209	481353	0.989803	Helicobacter pylori	210	422039	0.867836
HpGP-MEX-006	492737	Helicobacter	209	487222	0.988807	Helicobacter pylori	210	428534	0.869701
HpGP-MEX-007	463888	Helicobacter	209	458927	0.989306	Helicobacter pylori	210	403699	0.870251
HpGP-MEX-008	485396	Helicobacter	209	480071	0.989030	Helicobacter pylori	210	423574	0.872636
HpGP-MEX-009	463981	Helicobacter	209	458547	0.988288	Helicobacter pylori	210	403224	0.869053
HpGP-MEX-010	495282	Helicobacter	209	490095	0.989527	Helicobacter pylori	210	430174	0.868544
HpGP-MEX-012	491875	Helicobacter	209	487037	0.990164	Helicobacter pylori	210	427191	0.868495
HpGP-MEX-023	472604	Helicobacter	209	467621	0.989456	Helicobacter pylori	210	407652	0.862566
HpGP-MEX-024	488144	Helicobacter	209	482617	0.988678	Helicobacter pylori	210	424045	0.868688
HpGP-MEX-027	492897	Helicobacter	209	487963	0.989990	Helicobacter pylori	210	426324	0.864935
HpGP-MEX-028	458130	Helicobacter	209	453275	0.989403	Helicobacter pylori	210	397527	0.867717
HpGP-MEX-032	484619	Helicobacter	209	479263	0.988948	Helicobacter pylori	210	420426	0.867539
HpGP-MEX-035	487491	Helicobacter	209	482498	0.989758	Helicobacter pylori	210	424406	0.870592
HpGP-MEX-040	489527	Helicobacter	209	484492	0.989715	Helicobacter pylori	210	427031	0.872334
HpGP-MEX-041	502579	Helicobacter	209	497570	0.990033	Helicobacter pylori	210	441595	0.878658
HpGP-MEX-043	493687	Helicobacter	209	488536	0.989566	Helicobacter pylori	210	428289	0.867531
HpGP-MEX-044	501599	Helicobacter	209	496430	0.989695	Helicobacter pylori	210	432718	0.862677
HpGP-MEX-045	493867	Helicobacter	209	488754	0.989647	Helicobacter pylori	210	428236	0.867108
HpGP-MEX-046	505351	Helicobacter	209	500215	0.989837	Helicobacter pylori	210	438483	0.867680
HpGP-MMR-001	470056	Helicobacter	209	464874	0.988976	Helicobacter pylori	210	410727	0.873783
HpGP-MMR-002	465722	Helicobacter	209	460661	0.989133	Helicobacter pylori	210	406270	0.872344
HpGP-MMR-003	470356	Helicobacter	209	465138	0.988906	Helicobacter pylori	210	406340	0.863899
HpGP-MMR-004	462453	Helicobacter	209	457495	0.989279	Helicobacter pylori	210	403769	0.873103
HpGP-MMR-005	464191	Helicobacter	209	459069	0.988966	Helicobacter pylori	210	404995	0.872475
HpGP-MMR-006	456827	Helicobacter	209	451671	0.988713	Helicobacter pylori	210	397448	0.870019
HpGP-MMR-007	457564	Helicobacter	209	452342	0.988587	Helicobacter pylori	210	398317	0.870516
HpGP-MMR-008	454604	Helicobacter	209	449619	0.989034	Helicobacter pylori	210	395098	0.869104
HpGP-MMR-009	467076	Helicobacter	209	461998	0.989128	Helicobacter pylori	210	406847	0.871051
HpGP-MMR-010	464698	Helicobacter	209	459326	0.988440	Helicobacter pylori	210	404752	0.871000
HpGP-MMR-011	455858	Helicobacter	209	450478	0.988198	Helicobacter pylori	210	396111	0.868935
HpGP-MMR-012	465907	Helicobacter	209	460715	0.988856	Helicobacter pylori	210	406375	0.872223
HpGP-NGA-006	477613	Helicobacter	209	472748	0.989814	Helicobacter pylori	210	415986	0.870969
HpGP-NGA-010	469751	Helicobacter	209	464367	0.988539	Helicobacter pylori	210	407159	0.866755
HpGP-NGA-017	492830	Helicobacter	209	487212	0.988601	Helicobacter pylori	210	426647	0.865708
HpGP-NGA-019	486295	Helicobacter	209	481066	0.989247	Helicobacter pylori	210	425543	0.875072
HpGP-NPL-001	479042	Helicobacter	209	473600	0.988640	Helicobacter pylori	210	412024	0.860100
HpGP-NPL-002	472970	Helicobacter	209	467239	0.987883	Helicobacter pylori	210	410367	0.867639
HpGP-NPL-003	488778	Helicobacter	209	483523	0.989249	Helicobacter pylori	210	422684	0.864777
HpGP-NPL-004	493625	Helicobacter	209	488408	0.989431	Helicobacter pylori	210	425547	0.862086
HpGP-NPL-005	474043	Helicobacter	209	468941	0.989237	Helicobacter pylori	210	413835	0.872990
HpGP-NPL-006	473986	Helicobacter	209	468875	0.989217	Helicobacter pylori	210	413785	0.872990
HpGP-NPL-007	484200	Helicobacter	209	479068	0.989401	Helicobacter pylori	210	419986	0.867381
HpGP-NPL-008	463894	Helicobacter	209	458639	0.988672	Helicobacter pylori	210	404133	0.871175
HpGP-NPL-009	496562	Helicobacter	209	490254	0.987297	Helicobacter pylori	210	428899	0.863737
HpGP-NPL-010	488092	Helicobacter	209	482092	0.987707	Helicobacter pylori	210	421477	0.863520
HpGP-NPL-011	480076	Helicobacter	209	474737	0.988879	Helicobacter pylori	210	419899	0.874651
HpGP-NPL-012	490176	Helicobacter	209	484896	0.989228	Helicobacter pylori	210	429025	0.875247
HpGP-NPL-013	476027	Helicobacter	209	470904	0.989238	Helicobacter pylori	210	410216	0.861749
HpGP-PER-011	495009	Helicobacter	209	489038	0.987938	Helicobacter pylori	210	430816	0.870320
HpGP-PER-013	498765	Helicobacter	209	493475	0.989394	Helicobacter pylori	210	432369	0.866879
HpGP-PER-014	507905	Helicobacter	209	502840	0.990028	Helicobacter pylori	210	443287	0.872775
HpGP-PER-016	497102	Helicobacter	209	492006	0.989749	Helicobacter pylori	210	434538	0.874143
HpGP-PER-017	523812	Helicobacter	209	518393	0.989655	Helicobacter pylori	210	454656	0.867976
HpGP-PER-018	490382	Helicobacter	209	484764	0.988544	Helicobacter pylori	210	427841	0.872465
HpGP-PER-019	490780	Helicobacter	209	485669	0.989586	Helicobacter pylori	210	427181	0.870412
HpGP-PER-020	500411	Helicobacter	209	495394	0.989974	Helicobacter pylori	210	436546	0.872375
HpGP-PER-021	492900	Helicobacter	209	486936	0.987900	Helicobacter pylori	210	428561	0.869468
HpGP-PER-101	499208	Helicobacter	209	493824	0.989215	Helicobacter pylori	210	435101	0.871583
HpGP-PER-102	501376	Helicobacter	209	496001	0.989280	Helicobacter pylori	210	436289	0.870183
HpGP-PER-103	496750	Helicobacter	209	491519	0.989470	Helicobacter pylori	210	428678	0.862965
HpGP-PER-104	500112	Helicobacter	209	494884	0.989546	Helicobacter pylori	210	435808	0.871421
HpGP-PER-105	493864	Helicobacter	209	488909	0.989967	Helicobacter pylori	210	432563	0.875875
HpGP-PER-106	480713	Helicobacter	209	475616	0.989397	Helicobacter pylori	210	420687	0.875131
HpGP-PER-107	505480	Helicobacter	209	497623	0.984456	Helicobacter pylori	210	440498	0.871445
HpGP-PER-108	497082	Helicobacter	209	492077	0.989931	Helicobacter pylori	210	434680	0.874463
HpGP-PER-109	487343	Helicobacter	209	482410	0.989878	Helicobacter pylori	210	425349	0.872792
HpGP-PER-110	486129	Helicobacter	209	480907	0.989258	Helicobacter pylori	210	421703	0.867471
HpGP-PER-111	483436	Helicobacter	209	478654	0.990108	Helicobacter pylori	210	420475	0.869764
HpGP-PER-112	502498	Helicobacter	209	497353	0.989761	Helicobacter pylori	210	441288	0.878189
HpGP-PER-113	493721	Helicobacter	209	488735	0.989901	Helicobacter pylori	210	430797	0.872552
HpGP-PER-114	494605	Helicobacter	209	489426	0.989529	Helicobacter pylori	210	429856	0.869089
HpGP-PER-115	488731	Helicobacter	209	483457	0.989209	Helicobacter pylori	210	426713	0.873104
HpGP-PER-116	498682	Helicobacter	209	492596	0.987796	Helicobacter pylori	210	432193	0.866671
HpGP-PER-117	505146	Helicobacter	209	500191	0.990191	Helicobacter pylori	210	437055	0.865205
HpGP-PER-119	496722	Helicobacter	209	491637	0.989763	Helicobacter pylori	210	432019	0.869740
HpGP-PER-121	484157	Helicobacter	209	479191	0.989743	Helicobacter pylori	210	423670	0.875067
HpGP-PER-124	490464	Helicobacter	209	485434	0.989744	Helicobacter pylori	210	429878	0.876472
HpGP-PER-130	494397	Helicobacter	209	488913	0.988908	Helicobacter pylori	210	429435	0.868604
HpGP-PER-136	496541	Helicobacter	209	490733	0.988303	Helicobacter pylori	210	431480	0.868972
HpGP-PER-138	496758	Helicobacter	209	491619	0.989655	Helicobacter pylori	210	432182	0.870005
HpGP-PER-140	484694	Helicobacter	209	479283	0.988836	Helicobacter pylori	210	423618	0.873991
HpGP-POL-001	477944	Helicobacter	209	472177	0.987934	Helicobacter pylori	210	416205	0.870824
HpGP-POL-002	479237	Helicobacter	209	474012	0.989097	Helicobacter pylori	210	416428	0.868940
HpGP-POL-003	465009	Helicobacter	209	459914	0.989043	Helicobacter pylori	210	402985	0.866618
HpGP-POL-004	468577	Helicobacter	209	462644	0.987338	Helicobacter pylori	210	406861	0.868291
HpGP-POL-005	485954	Helicobacter	209	480719	0.989227	Helicobacter pylori	210	419562	0.863378
HpGP-POL-006	460923	Helicobacter	209	456015	0.989352	Helicobacter pylori	210	400976	0.869941
HpGP-POL-007	493158	Helicobacter	209	487184	0.987886	Helicobacter pylori	210	428874	0.869648
HpGP-POL-008	463585	Helicobacter	209	457676	0.987254	Helicobacter pylori	210	402626	0.868505
HpGP-POL-009	489824	Helicobacter	209	482111	0.984254	Helicobacter pylori	210	422400	0.862351
HpGP-POL-010	480452	Helicobacter	209	474006	0.986583	Helicobacter pylori	210	411440	0.856360
HpGP-POL-101	461413	Helicobacter	209	456352	0.989032	Helicobacter pylori	210	399492	0.865801
HpGP-POL-102	486332	Helicobacter	209	480332	0.987663	Helicobacter pylori	210	422168	0.868065
HpGP-POL-103	480906	Helicobacter	209	474838	0.987382	Helicobacter pylori	210	418637	0.870517
HpGP-POL-104	489936	Helicobacter	209	484421	0.988743	Helicobacter pylori	210	428521	0.874647
HpGP-POL-105	460786	Helicobacter	209	455789	0.989155	Helicobacter pylori	210	400349	0.868839
HpGP-POL-106	461817	Helicobacter	209	456667	0.988848	Helicobacter pylori	210	399696	0.865486
HpGP-POL-107	488669	Helicobacter	209	483569	0.989563	Helicobacter pylori	210	421020	0.861565
HpGP-POL-108	461844	Helicobacter	209	456684	0.988827	Helicobacter pylori	210	399713	0.865472
HpGP-POL-109	477036	Helicobacter	209	471522	0.988441	Helicobacter pylori	210	413903	0.867656
HpGP-POL-110	465117	Helicobacter	209	459762	0.988487	Helicobacter pylori	210	402682	0.865765
HpGP-POR-001	479334	Helicobacter	209	474153	0.989191	Helicobacter pylori	210	418436	0.872953
HpGP-POR-002	479880	Helicobacter	209	474623	0.989045	Helicobacter pylori	210	417346	0.869688
HpGP-POR-003	473432	Helicobacter	209	468465	0.989509	Helicobacter pylori	210	412289	0.870852
HpGP-POR-004	474825	Helicobacter	209	469831	0.989482	Helicobacter pylori	210	413538	0.870927
HpGP-POR-005	501068	Helicobacter	209	494702	0.987295	Helicobacter pylori	210	435466	0.869076
HpGP-POR-006	476398	Helicobacter	209	471199	0.989087	Helicobacter pylori	210	416430	0.874122
HpGP-POR-007	471734	Helicobacter	209	466616	0.989151	Helicobacter pylori	210	410392	0.869965
HpGP-POR-008	466972	Helicobacter	209	461641	0.988584	Helicobacter pylori	210	405676	0.868737
HpGP-POR-009	466784	Helicobacter	209	461492	0.988663	Helicobacter pylori	210	405560	0.868839
HpGP-POR-010	476500	Helicobacter	209	470469	0.987343	Helicobacter pylori	210	414269	0.869400
HpGP-POR-011	488683	Helicobacter	209	483541	0.989478	Helicobacter pylori	210	424901	0.869482
HpGP-POR-012	489978	Helicobacter	209	484638	0.989102	Helicobacter pylori	210	423601	0.864531
HpGP-POR-013	481168	Helicobacter	209	474119	0.985350	Helicobacter pylori	210	416150	0.864875
HpGP-POR-015	493273	Helicobacter	209	485619	0.984483	Helicobacter pylori	210	428585	0.868860
HpGP-POR-018	475876	Helicobacter	209	470806	0.989346	Helicobacter pylori	210	414654	0.871349
HpGP-POR-101	491390	Helicobacter	209	486006	0.989043	Helicobacter pylori	210	423619	0.862083
HpGP-POR-102	478051	Helicobacter	209	471898	0.987129	Helicobacter pylori	210	416246	0.870715
HpGP-POR-103	495640	Helicobacter	209	490348	0.989323	Helicobacter pylori	210	427698	0.862921
HpGP-POR-104	486678	Helicobacter	209	480901	0.988130	Helicobacter pylori	210	422948	0.869051
HpGP-POR-105	478641	Helicobacter	209	472968	0.988148	Helicobacter pylori	210	412918	0.862688
HpGP-POR-106	489689	Helicobacter	209	483081	0.986506	Helicobacter pylori	210	422508	0.862809
HpGP-POR-107	470761	Helicobacter	209	465848	0.989564	Helicobacter pylori	210	409529	0.869930
HpGP-POR-108	476217	Helicobacter	209	470882	0.988797	Helicobacter pylori	210	412772	0.866773
HpGP-POR-109	471707	Helicobacter	209	465877	0.987641	Helicobacter pylori	210	409702	0.868552
HpGP-POR-110	507339	Helicobacter	209	501893	0.989266	Helicobacter pylori	210	439351	0.865991
HpGP-POR-111	493333	Helicobacter	209	486982	0.987126	Helicobacter pylori	210	424813	0.861108
HpGP-POR-112	491120	Helicobacter	209	485937	0.989447	Helicobacter pylori	210	426298	0.868012
HpGP-POR-113	489876	Helicobacter	209	484600	0.989230	Helicobacter pylori	210	426715	0.871067
HpGP-POR-114	485193	Helicobacter	209	480149	0.989604	Helicobacter pylori	210	423716	0.873294
HpGP-POR-115	496632	Helicobacter	209	491594	0.989856	Helicobacter pylori	210	432507	0.870880
HpGP-PRI-001	465596	Helicobacter	209	460074	0.988140	Helicobacter pylori	210	399909	0.858918
HpGP-PRI-002	478981	Helicobacter	209	472470	0.986407	Helicobacter pylori	210	415991	0.868492
HpGP-PRI-004	468948	Helicobacter	209	462513	0.986278	Helicobacter pylori	210	402087	0.857423
HpGP-PRI-005	479677	Helicobacter	209	474636	0.989491	Helicobacter pylori	210	417992	0.871403
HpGP-PRI-006	479664	Helicobacter	209	473667	0.987497	Helicobacter pylori	210	413256	0.861553
HpGP-PRI-007	482885	Helicobacter	209	474604	0.982851	Helicobacter pylori	210	413676	0.856676
HpGP-PRI-008	489534	Helicobacter	209	483722	0.988127	Helicobacter pylori	210	427284	0.872838
HpGP-RUS-001	486218	Helicobacter	209	480058	0.987331	Helicobacter pylori	210	421341	0.866568
HpGP-RUS-002	464979	Helicobacter	209	459776	0.988810	Helicobacter pylori	210	403893	0.868626
HpGP-RUS-003	486512	Helicobacter	209	481340	0.989369	Helicobacter pylori	210	421645	0.866669
HpGP-RUS-004	494876	Helicobacter	209	488570	0.987257	Helicobacter pylori	210	425341	0.859490
HpGP-RUS-006	488831	Helicobacter	209	483385	0.988859	Helicobacter pylori	210	420520	0.860256
HpGP-RUS-007	486964	Helicobacter	209	481779	0.989352	Helicobacter pylori	210	419653	0.861774
HpGP-RUS-008	475192	Helicobacter	209	470095	0.989274	Helicobacter pylori	210	413741	0.870682
HpGP-RUS-009	485372	Helicobacter	209	480328	0.989608	Helicobacter pylori	210	423375	0.872269
HpGP-RUS-010	493310	Helicobacter	209	487806	0.988843	Helicobacter pylori	210	424189	0.859883
HpGP-RUS-011	486668	Helicobacter	209	480659	0.987653	Helicobacter pylori	210	417771	0.858431
HpGP-SGP-002	481476	Helicobacter	209	476296	0.989241	Helicobacter pylori	210	419042	0.870328
HpGP-SGP-003	493588	Helicobacter	209	488328	0.989343	Helicobacter pylori	210	426368	0.863814
HpGP-SGP-004	487868	Helicobacter	209	482728	0.989464	Helicobacter pylori	210	420608	0.862135
HpGP-SGP-005	493912	Helicobacter	209	488743	0.989535	Helicobacter pylori	210	426366	0.863243
HpGP-SGP-006	486957	Helicobacter	209	481955	0.989728	Helicobacter pylori	210	419596	0.861670
HpGP-SGP-007	473487	Helicobacter	209	467808	0.988006	Helicobacter pylori	210	412367	0.870915
HpGP-SGP-008	484026	Helicobacter	209	478849	0.989304	Helicobacter pylori	210	422886	0.873684
HpGP-SGP-009	491826	Helicobacter	209	486632	0.989439	Helicobacter pylori	210	424983	0.864092
HpGP-SGP-012	484089	Helicobacter	209	478877	0.989233	Helicobacter pylori	210	417789	0.863042
HpGP-SGP-013	468460	Helicobacter	209	463385	0.989167	Helicobacter pylori	210	408202	0.871370
HpGP-SGP-014	483854	Helicobacter	209	478347	0.988618	Helicobacter pylori	210	418826	0.865604
HpGP-SGP-015	506583	Helicobacter	209	499171	0.985369	Helicobacter pylori	210	437038	0.862717
HpGP-SGP-017	499811	Helicobacter	209	493397	0.987167	Helicobacter pylori	210	431011	0.862348
HpGP-SGP-018	485060	Helicobacter	209	476691	0.982746	Helicobacter pylori	210	420553	0.867012
HpGP-SGP-019	480079	Helicobacter	209	474916	0.989246	Helicobacter pylori	210	415003	0.864447
HpGP-SGP-024	473654	Helicobacter	209	468323	0.988745	Helicobacter pylori	210	413186	0.872337
HpGP-SGP-026	493158	Helicobacter	209	487990	0.989521	Helicobacter pylori	210	424315	0.860404
HpGP-SGP-032	499598	Helicobacter	209	493285	0.987364	Helicobacter pylori	210	430761	0.862215
HpGP-SGP-033	489018	Helicobacter	209	483245	0.988195	Helicobacter pylori	210	421320	0.861563
HpGP-SGP-036	486587	Helicobacter	209	481417	0.989375	Helicobacter pylori	210	418258	0.859575
HpGP-SGP-038	497899	Helicobacter	209	492641	0.989440	Helicobacter pylori	210	433216	0.870088
HpGP-SPA-001	480697	Helicobacter	209	475583	0.989361	Helicobacter pylori	210	419512	0.872716
HpGP-SPA-002	472600	Helicobacter	209	467261	0.988703	Helicobacter pylori	210	410981	0.869617
HpGP-SPA-003	468901	Helicobacter	209	463279	0.988010	Helicobacter pylori	210	407754	0.869595
HpGP-SPA-004	499505	Helicobacter	209	494312	0.989604	Helicobacter pylori	210	433222	0.867303
HpGP-SPA-005	467842	Helicobacter	209	462425	0.988421	Helicobacter pylori	210	404146	0.863851
HpGP-SPA-006	474253	Helicobacter	209	469216	0.989379	Helicobacter pylori	210	412611	0.870023
HpGP-SPA-007	476283	Helicobacter	209	470738	0.988358	Helicobacter pylori	210	412000	0.865032
HpGP-SPA-008	489697	Helicobacter	209	483669	0.987690	Helicobacter pylori	210	422907	0.863610
HpGP-SPA-009	475447	Helicobacter	209	470200	0.988964	Helicobacter pylori	210	413881	0.870509
HpGP-SPA-010	491616	Helicobacter	209	486149	0.988880	Helicobacter pylori	210	425372	0.865253
HpGP-SPA-011	483984	Helicobacter	209	478946	0.989591	Helicobacter pylori	210	419998	0.867793
HpGP-SPA-012	471553	Helicobacter	209	466598	0.989492	Helicobacter pylori	210	410793	0.871149
HpGP-SPA-013	476529	Helicobacter	209	471558	0.989568	Helicobacter pylori	210	415184	0.871267
HpGP-SPA-014	474564	Helicobacter	209	469608	0.989557	Helicobacter pylori	210	413378	0.871069
HpGP-SPA-015	488131	Helicobacter	209	483011	0.989511	Helicobacter pylori	210	425426	0.871541
HpGP-SPA-016	483749	Helicobacter	209	478677	0.989515	Helicobacter pylori	210	421277	0.870859
HpGP-SPA-017	493505	Helicobacter	209	487571	0.987976	Helicobacter pylori	210	429253	0.869805
HpGP-SPA-018	501482	Helicobacter	209	496248	0.989563	Helicobacter pylori	210	435267	0.867961
HpGP-SPA-019	498275	Helicobacter	209	492685	0.988781	Helicobacter pylori	210	435846	0.874710
HpGP-SPA-020	493253	Helicobacter	209	487006	0.987335	Helicobacter pylori	210	428425	0.868570
HpGP-SPA-101	494171	Helicobacter	209	487316	0.986128	Helicobacter pylori	210	421260	0.852458
HpGP-SPA-102	477649	Helicobacter	209	472429	0.989071	Helicobacter pylori	210	412523	0.863653
HpGP-SPA-103	466000	Helicobacter	209	460225	0.987607	Helicobacter pylori	210	403602	0.866099
HpGP-SPA-104	481482	Helicobacter	209	476561	0.989779	Helicobacter pylori	210	415143	0.862219
HpGP-SPA-105	464845	Helicobacter	209	459955	0.989480	Helicobacter pylori	210	404496	0.870174
HpGP-SPA-107	487947	Helicobacter	209	482918	0.989694	Helicobacter pylori	210	419863	0.860468
HpGP-SPA-108	476067	Helicobacter	209	470055	0.987372	Helicobacter pylori	210	413198	0.867941
HpGP-SPA-110	462398	Helicobacter	209	457310	0.988996	Helicobacter pylori	210	402058	0.869506
HpGP-SPA-111	463814	Helicobacter	209	458786	0.989159	Helicobacter pylori	210	402339	0.867458
HpGP-SPA-201	495725	Helicobacter	209	490203	0.988861	Helicobacter pylori	210	429321	0.866047
HpGP-SPA-202	497561	Helicobacter	209	492453	0.989734	Helicobacter pylori	210	433703	0.871658
HpGP-SPA-203	477967	Helicobacter	209	472473	0.988505	Helicobacter pylori	210	412301	0.862614
HpGP-SPA-204	474212	Helicobacter	209	469209	0.989450	Helicobacter pylori	210	412761	0.870414
HpGP-SPA-205	466334	Helicobacter	209	460522	0.987537	Helicobacter pylori	210	404629	0.867681
HpGP-SPA-206	465933	Helicobacter	209	459821	0.986882	Helicobacter pylori	210	404009	0.867097
HpGP-SPA-207	488340	Helicobacter	209	483221	0.989518	Helicobacter pylori	210	424332	0.868927
HpGP-SPA-209	478333	Helicobacter	209	473122	0.989106	Helicobacter pylori	210	413136	0.863700
HpGP-SPA-210	470404	Helicobacter	209	464382	0.987198	Helicobacter pylori	210	408774	0.868985
HpGP-SPA-301	484897	Helicobacter	209	478917	0.987667	Helicobacter pylori	210	419395	0.864916
HpGP-SPA-302	479211	Helicobacter	209	471830	0.984598	Helicobacter pylori	210	415976	0.868044
HpGP-SPA-303	478056	Helicobacter	209	473033	0.989493	Helicobacter pylori	210	413254	0.864447
HpGP-SPA-304	477406	Helicobacter	209	471832	0.988324	Helicobacter pylori	210	415375	0.870067
HpGP-SPA-305	493624	Helicobacter	209	488294	0.989202	Helicobacter pylori	210	429766	0.870634
HpGP-SPA-306	486559	Helicobacter	209	478369	0.983168	Helicobacter pylori	210	418956	0.861059
HpGP-SPA-307	465622	Helicobacter	209	459373	0.986579	Helicobacter pylori	210	403226	0.865994
HpGP-SPA-308	470055	Helicobacter	209	465083	0.989423	Helicobacter pylori	210	409242	0.870626
HpGP-SPA-309	492962	Helicobacter	209	487412	0.988742	Helicobacter pylori	210	428890	0.870026
HpGP-SPA-310	466537	Helicobacter	209	460640	0.987360	Helicobacter pylori	210	404208	0.866401
HpGP-SPA-311	478558	Helicobacter	209	473330	0.989076	Helicobacter pylori	210	417552	0.872521
HpGP-SPA-312	495673	Helicobacter	209	490622	0.989810	Helicobacter pylori	210	428830	0.865147
HpGP-SPA-313	509369	Helicobacter	209	504079	0.989615	Helicobacter pylori	210	439316	0.862471
HpGP-SPA-314	494575	Helicobacter	209	489265	0.989264	Helicobacter pylori	210	430909	0.871271
HpGP-SPA-315	484831	Helicobacter	209	479734	0.989487	Helicobacter pylori	210	421985	0.870375
HpGP-SPA-316	480367	Helicobacter	209	474517	0.987822	Helicobacter pylori	210	416391	0.866818
HpGP-SPA-317	486068	Helicobacter	209	480518	0.988582	Helicobacter pylori	210	425276	0.874931
HpGP-SPA-318	498233	Helicobacter	209	493165	0.989828	Helicobacter pylori	210	431536	0.866133
HpGP-SPA-319	507653	Helicobacter	209	501768	0.988407	Helicobacter pylori	210	439991	0.866716
HpGP-SPA-320	506639	Helicobacter	209	500871	0.988615	Helicobacter pylori	210	438324	0.865160
HpGP-SPA-321	493385	Helicobacter	209	487348	0.987764	Helicobacter pylori	210	426974	0.865397
HpGP-SPA-322	483576	Helicobacter	209	477409	0.987247	Helicobacter pylori	210	418159	0.864722
HpGP-SPA-323	494992	Helicobacter	209	489516	0.988937	Helicobacter pylori	210	433683	0.876141
HpGP-SPA-324	468791	Helicobacter	209	463346	0.988385	Helicobacter pylori	210	407460	0.869172
HpGP-SPA-325	495741	Helicobacter	209	490398	0.989222	Helicobacter pylori	210	429531	0.866442
HpGP-SPA-401	474698	Helicobacter	209	469409	0.988858	Helicobacter pylori	210	411821	0.867543
HpGP-SPA-402	488715	Helicobacter	209	483437	0.989200	Helicobacter pylori	210	421698	0.862871
HpGP-SPA-403	490356	Helicobacter	209	485234	0.989555	Helicobacter pylori	210	425556	0.867851
HpGP-SPA-404	480426	Helicobacter	209	475069	0.988849	Helicobacter pylori	210	418074	0.870215
HpGP-SPA-405	502706	Helicobacter	209	497767	0.990175	Helicobacter pylori	210	438177	0.871637
HpGP-SPA-406	480895	Helicobacter	209	475624	0.989039	Helicobacter pylori	210	419741	0.872833
HpGP-SPA-407	485264	Helicobacter	209	479196	0.987495	Helicobacter pylori	210	422289	0.870225
HpGP-SPA-409	478790	Helicobacter	209	473316	0.988567	Helicobacter pylori	210	418006	0.873047
HpGP-SPA-413	491816	Helicobacter	209	486341	0.988868	Helicobacter pylori	210	426073	0.866326
HpGP-SPA-414	466399	Helicobacter	209	460251	0.986818	Helicobacter pylori	210	405272	0.868938
HpGP-SPA-501	475514	Helicobacter	209	469800	0.987984	Helicobacter pylori	210	412895	0.868313
HpGP-SPA-502	464651	Helicobacter	209	459667	0.989274	Helicobacter pylori	210	403854	0.869156
HpGP-SPA-503	482083	Helicobacter	209	477072	0.989606	Helicobacter pylori	210	421086	0.873472
HpGP-SPA-504	485691	Helicobacter	209	480762	0.989852	Helicobacter pylori	210	419853	0.864445
HpGP-SPA-505	477892	Helicobacter	209	472018	0.987709	Helicobacter pylori	210	413561	0.865386
HpGP-SPA-506	474449	Helicobacter	209	469291	0.989128	Helicobacter pylori	210	413275	0.871063
HpGP-SPA-507	484165	Helicobacter	209	479089	0.989516	Helicobacter pylori	210	418479	0.864331
HpGP-SPA-508	481767	Helicobacter	209	476733	0.989551	Helicobacter pylori	210	414914	0.861234
HpGP-SPA-509	487537	Helicobacter	209	482189	0.989031	Helicobacter pylori	210	418919	0.859256
HpGP-SPA-510	476769	Helicobacter	209	471359	0.988653	Helicobacter pylori	210	415086	0.870623
HpGP-SPA-601	489116	Helicobacter	209	483225	0.987956	Helicobacter pylori	210	423722	0.866302
HpGP-SPA-604	467406	Helicobacter	209	461933	0.988291	Helicobacter pylori	210	406061	0.868754
HpGP-SPA-606	496322	Helicobacter	209	490508	0.988286	Helicobacter pylori	210	429368	0.865100
HpGP-SPA-607	496257	Helicobacter	209	488325	0.984016	Helicobacter pylori	210	424604	0.855613
HpGP-SPA-609	488359	Helicobacter	209	482585	0.988177	Helicobacter pylori	210	420959	0.861987
HpGP-SPA-610	480813	Helicobacter	209	474849	0.987596	Helicobacter pylori	210	413180	0.859336
HpGP-SPA-611	487183	Helicobacter	209	481799	0.988949	Helicobacter pylori	210	420814	0.863770
HpGP-SPA-701	483908	Helicobacter	209	478927	0.989707	Helicobacter pylori	210	417061	0.861860
HpGP-SPA-702	473132	Helicobacter	209	467711	0.988542	Helicobacter pylori	210	409901	0.866357
HpGP-SPA-703	467644	Helicobacter	209	462447	0.988887	Helicobacter pylori	210	406576	0.869413
HpGP-SPA-704	478881	Helicobacter	209	473850	0.989494	Helicobacter pylori	210	417129	0.871049
HpGP-SPA-705	470113	Helicobacter	209	465131	0.989403	Helicobacter pylori	210	408503	0.868946
HpGP-SPA-706	478470	Helicobacter	209	473621	0.989866	Helicobacter pylori	210	417150	0.871841
HpGP-SPA-707	499726	Helicobacter	209	493879	0.988300	Helicobacter pylori	210	433684	0.867844
HpGP-SPA-709	491646	Helicobacter	209	480873	0.978088	Helicobacter pylori	210	424790	0.864016
HpGP-SPA-710	485848	Helicobacter	209	480739	0.989484	Helicobacter pylori	210	422657	0.869937
HpGP-SPA-801	496213	Helicobacter	209	489395	0.986260	Helicobacter pylori	210	429603	0.865763
HpGP-SPA-802	480488	Helicobacter	209	475100	0.988786	Helicobacter pylori	210	415449	0.864640
HpGP-SPA-803	479763	Helicobacter	209	474217	0.988440	Helicobacter pylori	210	417847	0.870945
HpGP-SPA-804	477409	Helicobacter	209	472244	0.989181	Helicobacter pylori	210	413333	0.865784
HpGP-SPA-805	466622	Helicobacter	209	461326	0.988650	Helicobacter pylori	210	405860	0.869783
HpGP-SPA-806	486847	Helicobacter	209	481867	0.989771	Helicobacter pylori	210	419634	0.861942
HpGP-SPA-807	487938	Helicobacter	209	482134	0.988105	Helicobacter pylori	210	425750	0.872549
HpGP-SWE-001	475434	Helicobacter	209	466396	0.980990	Helicobacter pylori	210	407117	0.856306
HpGP-SWE-002	495405	Helicobacter	209	489945	0.988979	Helicobacter pylori	210	429722	0.867416
HpGP-SWE-003	473405	Helicobacter	209	468389	0.989404	Helicobacter pylori	210	413066	0.872543
HpGP-SWE-004	472995	Helicobacter	209	467986	0.989410	Helicobacter pylori	210	412713	0.872553
HpGP-SWE-005	494111	Helicobacter	209	488768	0.989187	Helicobacter pylori	210	427345	0.864877
HpGP-SWE-006	484211	Helicobacter	209	478997	0.989232	Helicobacter pylori	210	417694	0.862628
HpGP-SWE-007	483497	Helicobacter	209	478449	0.989559	Helicobacter pylori	210	418914	0.866425
HpGP-SWE-008	493606	Helicobacter	209	488342	0.989336	Helicobacter pylori	210	426944	0.864949
HpGP-SWE-010	492203	Helicobacter	209	486576	0.988568	Helicobacter pylori	210	426425	0.866360
HpGP-SWE-012	497423	Helicobacter	209	492380	0.989862	Helicobacter pylori	210	430253	0.864964
HpGP-SWE-013	487777	Helicobacter	209	480543	0.985169	Helicobacter pylori	210	423371	0.867960
HpGP-SWE-014	471697	Helicobacter	209	466232	0.988414	Helicobacter pylori	210	409048	0.867184
HpGP-SWE-015	481658	Helicobacter	209	476191	0.988650	Helicobacter pylori	210	414098	0.859735
HpGP-SWE-016	474956	Helicobacter	209	469829	0.989205	Helicobacter pylori	210	414325	0.872344
HpGP-SWE-017	481382	Helicobacter	209	476143	0.989117	Helicobacter pylori	210	416726	0.865687
HpGP-SWE-018	487072	Helicobacter	209	481984	0.989554	Helicobacter pylori	210	423608	0.869703
HpGP-SWE-019	486346	Helicobacter	209	481515	0.990067	Helicobacter pylori	210	425599	0.875095
HpGP-SWE-021	467020	Helicobacter	209	461621	0.988439	Helicobacter pylori	210	402015	0.860809
HpGP-SWE-022	479375	Helicobacter	209	473725	0.988214	Helicobacter pylori	210	415543	0.866843
HpGP-SWE-024	478270	Helicobacter	209	472886	0.988743	Helicobacter pylori	210	414568	0.866807
HpGP-SWE-025	480018	Helicobacter	209	474718	0.988959	Helicobacter pylori	210	419281	0.873469
HpGP-SWE-026	489156	Helicobacter	209	484134	0.989733	Helicobacter pylori	210	425796	0.870471
HpGP-SWE-027	466111	Helicobacter	209	461055	0.989153	Helicobacter pylori	210	406142	0.871342
HpGP-SWE-028	484274	Helicobacter	209	479362	0.989857	Helicobacter pylori	210	417947	0.863038
HpGP-SWE-030	488522	Helicobacter	209	481755	0.986148	Helicobacter pylori	210	421080	0.861947
HpGP-SWE-031	483745	Helicobacter	209	478205	0.988548	Helicobacter pylori	210	417209	0.862456
HpGP-SWE-032	492684	Helicobacter	209	487806	0.990099	Helicobacter pylori	210	428480	0.869685
HpGP-SWE-033	478970	Helicobacter	209	471908	0.985256	Helicobacter pylori	210	414287	0.864954
HpGP-SWE-034	478695	Helicobacter	209	473703	0.989572	Helicobacter pylori	210	416588	0.870258
HpGP-SWE-036	474343	Helicobacter	209	469191	0.989139	Helicobacter pylori	210	410399	0.865195
HpGP-SWT-001	493250	Helicobacter	209	487603	0.988551	Helicobacter pylori	210	428289	0.868300
HpGP-SWT-002	470297	Helicobacter	209	465223	0.989211	Helicobacter pylori	210	409169	0.870023
HpGP-SWT-003	505370	Helicobacter	209	500216	0.989802	Helicobacter pylori	210	437406	0.865516
HpGP-SWT-004	495785	Helicobacter	209	489369	0.987059	Helicobacter pylori	210	426292	0.859832
HpGP-SWT-005	497337	Helicobacter	209	492141	0.989552	Helicobacter pylori	210	431155	0.866927
HpGP-SWT-006	476791	Helicobacter	209	471607	0.989127	Helicobacter pylori	210	411784	0.863657
HpGP-SWT-007	490184	Helicobacter	209	484393	0.988186	Helicobacter pylori	210	422062	0.861028
HpGP-SWT-008	486041	Helicobacter	209	481111	0.989857	Helicobacter pylori	210	424746	0.873889
HpGP-SWT-010	470939	Helicobacter	209	465584	0.988629	Helicobacter pylori	210	407184	0.864622
HpGP-SWT-011	486306	Helicobacter	209	481451	0.990017	Helicobacter pylori	210	419549	0.862726
HpGP-SWT-012	474048	Helicobacter	209	468758	0.988841	Helicobacter pylori	210	412129	0.869382
HpGP-SWT-013	464867	Helicobacter	209	459984	0.989496	Helicobacter pylori	210	403674	0.868364
HpGP-SWT-014	484695	Helicobacter	209	479649	0.989589	Helicobacter pylori	210	421379	0.869369
HpGP-SWT-015	476354	Helicobacter	209	470861	0.988469	Helicobacter pylori	210	414771	0.870720
HpGP-SWT-017	473702	Helicobacter	209	468639	0.989312	Helicobacter pylori	210	413233	0.872348
HpGP-TUR-001	489557	Helicobacter	209	484353	0.989370	Helicobacter pylori	210	421948	0.861898
HpGP-TUR-002	467579	Helicobacter	209	462533	0.989208	Helicobacter pylori	210	406191	0.868711
HpGP-TUR-003	464647	Helicobacter	209	459699	0.989351	Helicobacter pylori	210	403464	0.868324
HpGP-TUR-004	494418	Helicobacter	209	486705	0.984400	Helicobacter pylori	210	427126	0.863897
HpGP-TUR-005	467934	Helicobacter	209	462888	0.989216	Helicobacter pylori	210	406484	0.868678
HpGP-TUR-006	484964	Helicobacter	209	479840	0.989434	Helicobacter pylori	210	419798	0.865627
HpGP-TUR-007	484819	Helicobacter	209	479729	0.989501	Helicobacter pylori	210	419550	0.865375
HpGP-TUR-008	494233	Helicobacter	209	489320	0.990059	Helicobacter pylori	210	426487	0.862927
HpGP-TUR-009	473809	Helicobacter	209	468543	0.988886	Helicobacter pylori	210	412992	0.871642
HpGP-TUR-010	480097	Helicobacter	209	474917	0.989211	Helicobacter pylori	210	411578	0.857281
HpGP-TUR-011	484867	Helicobacter	209	479767	0.989482	Helicobacter pylori	210	419697	0.865592
HpGP-TUR-014	481256	Helicobacter	209	476160	0.989411	Helicobacter pylori	210	414687	0.861677
HpGP-TUR-016	487893	Helicobacter	209	482128	0.988184	Helicobacter pylori	210	425492	0.872101
HpGP-TUR-017	488572	Helicobacter	209	482949	0.988491	Helicobacter pylori	210	423414	0.866636
HpGP-TUR-021	484179	Helicobacter	209	479085	0.989479	Helicobacter pylori	210	419104	0.865597
HpGP-TUR-022	483213	Helicobacter	209	478061	0.989338	Helicobacter pylori	210	414042	0.856852
HpGP-TUR-023	490237	Helicobacter	209	485082	0.989485	Helicobacter pylori	210	422973	0.862793
HpGP-TWN-001	482322	Helicobacter	209	475507	0.985870	Helicobacter pylori	210	417738	0.866098
HpGP-TWN-002	466027	Helicobacter	209	460916	0.989033	Helicobacter pylori	210	405258	0.869602
HpGP-TWN-003	477410	Helicobacter	209	472270	0.989234	Helicobacter pylori	210	417003	0.873469
HpGP-TWN-004	476962	Helicobacter	209	471543	0.988639	Helicobacter pylori	210	415571	0.871287
HpGP-TWN-005	480614	Helicobacter	209	475522	0.989405	Helicobacter pylori	210	416133	0.865836
HpGP-TWN-006	476937	Helicobacter	209	471506	0.988613	Helicobacter pylori	210	415477	0.871136
HpGP-TWN-007	489306	Helicobacter	209	484211	0.989587	Helicobacter pylori	210	421622	0.861673
HpGP-TWN-008	478203	Helicobacter	209	472925	0.988963	Helicobacter pylori	210	417344	0.872734
HpGP-TWN-009	476534	Helicobacter	209	471219	0.988847	Helicobacter pylori	210	415657	0.872250
HpGP-TWN-010	482709	Helicobacter	209	477533	0.989277	Helicobacter pylori	210	418799	0.867601
HpGP-TWN-016	484663	Helicobacter	209	479600	0.989554	Helicobacter pylori	210	417113	0.860625
HpGP-TWN-017	485387	Helicobacter	209	480221	0.989357	Helicobacter pylori	210	416927	0.858958
HpGP-TWN-018	492803	Helicobacter	209	487644	0.989531	Helicobacter pylori	210	424116	0.860620
HpGP-TWN-019	477855	Helicobacter	209	472840	0.989505	Helicobacter pylori	210	417116	0.872892
HpGP-TWN-020	490719	Helicobacter	209	484215	0.986746	Helicobacter pylori	210	425091	0.866262
HpGP-TWN-021	473826	Helicobacter	209	468655	0.989087	Helicobacter pylori	210	411972	0.869458
HpGP-TWN-022	470371	Helicobacter	209	465350	0.989325	Helicobacter pylori	210	410357	0.872411
HpGP-TWN-023	470846	Helicobacter	209	465755	0.989188	Helicobacter pylori	210	410219	0.871238
HpGP-TWN-024	497848	Helicobacter	209	492265	0.988786	Helicobacter pylori	210	430068	0.863854
HpGP-TWN-026	489510	Helicobacter	209	484417	0.989596	Helicobacter pylori	210	423092	0.864317
HpGP-TWN-027	509319	Helicobacter	209	504031	0.989618	Helicobacter pylori	210	434462	0.853025
HpGP-TWN-028	479242	Helicobacter	209	473992	0.989045	Helicobacter pylori	210	414803	0.865540
HpGP-TWN-029	479038	Helicobacter	209	473949	0.989377	Helicobacter pylori	210	415277	0.866898
HpGP-TWN-030	465765	Helicobacter	209	460680	0.989082	Helicobacter pylori	210	404848	0.869211
HpGP-USA-001	483361	Helicobacter	209	478221	0.989366	Helicobacter pylori	210	419096	0.867046
HpGP-USA-002	496007	Helicobacter	209	490286	0.988466	Helicobacter pylori	210	430756	0.868447
HpGP-USA-003	491444	Helicobacter	209	486235	0.989401	Helicobacter pylori	210	430684	0.876364
HpGP-USA-004	484156	Helicobacter	209	478479	0.988274	Helicobacter pylori	210	422817	0.873307
HpGP-USA-005	464735	Helicobacter	209	459447	0.988621	Helicobacter pylori	210	403652	0.868564
HpGP-USA-008	480476	Helicobacter	209	474451	0.987460	Helicobacter pylori	210	413216	0.860014
HpGP-USA-009	482028	Helicobacter	209	476901	0.989364	Helicobacter pylori	210	420267	0.871873
HpGP-USA-011	493618	Helicobacter	209	488389	0.989407	Helicobacter pylori	210	426758	0.864551
HpGP-USA-101	483207	Helicobacter	209	478096	0.989423	Helicobacter pylori	210	422080	0.873497
HpGP-USA-102	501485	Helicobacter	209	496315	0.989691	Helicobacter pylori	210	437937	0.873280
HpGP-USA-104	482412	Helicobacter	209	477338	0.989482	Helicobacter pylori	210	422217	0.875221
HpGP-USA-105	490652	Helicobacter	209	485513	0.989526	Helicobacter pylori	210	427173	0.870623
HpGP-USA-106	489963	Helicobacter	209	484221	0.988281	Helicobacter pylori	210	423038	0.863408
HpGP-USA-115	489417	Helicobacter	209	483844	0.988613	Helicobacter pylori	210	422233	0.862726
HpGP-USA-116	479646	Helicobacter	209	473964	0.988154	Helicobacter pylori	210	412458	0.859922
HpGP-USA-119	480309	Helicobacter	209	474846	0.988626	Helicobacter pylori	210	413400	0.860696
HpGP-USA-120	478349	Helicobacter	209	472888	0.988584	Helicobacter pylori	210	411399	0.860039
HpGP-USA-123	476069	Helicobacter	209	470942	0.989231	Helicobacter pylori	210	414991	0.871703
HpGP-USA-201	496523	Helicobacter	209	488065	0.982966	Helicobacter pylori	210	430009	0.866040
HpGP-USA-202	478245	Helicobacter	209	472909	0.988843	Helicobacter pylori	210	418377	0.874817
HpGP-USA-203	493110	Helicobacter	209	488062	0.989763	Helicobacter pylori	210	428929	0.869844
HpGP-USA-204	513526	Helicobacter	209	507029	0.987348	Helicobacter pylori	210	443767	0.864157
HpGP-USA-205	459085	Helicobacter	209	453464	0.987756	Helicobacter pylori	210	397515	0.865885
HpGP-USA-206	505736	Helicobacter	209	500400	0.989449	Helicobacter pylori	210	439087	0.868214
HpGP-USA-207	464785	Helicobacter	209	459747	0.989161	Helicobacter pylori	210	404495	0.870284
HpGP-USA-208	484771	Helicobacter	209	479677	0.989492	Helicobacter pylori	210	419372	0.865093
HpGP-USA-301	476429	Helicobacter	209	471270	0.989172	Helicobacter pylori	210	416467	0.874143
HpGP-USA-302	493991	Helicobacter	209	488474	0.988832	Helicobacter pylori	210	431558	0.873615
HpGP-USA-303	482596	Helicobacter	209	477383	0.989198	Helicobacter pylori	210	422806	0.876108
HpGP-USA-304	479409	Helicobacter	209	474477	0.989712	Helicobacter pylori	210	417172	0.870180
HpGP-USA-305	498302	Helicobacter	209	493216	0.989793	Helicobacter pylori	210	434266	0.871492
HpGP-USA-306	497740	Helicobacter	209	492585	0.989643	Helicobacter pylori	210	434284	0.872512
HpGP-USA-311	491065	Helicobacter	209	485742	0.989160	Helicobacter pylori	210	426392	0.868301
HpGP-USA-401	477381	Helicobacter	209	472339	0.989438	Helicobacter pylori	210	416529	0.872529
HpGP-USA-402	482825	Helicobacter	209	477456	0.988880	Helicobacter pylori	210	415267	0.860078
HpGP-USA-403	479200	Helicobacter	209	474120	0.989399	Helicobacter pylori	210	418755	0.873863
HpGP-USA-404	477562	Helicobacter	209	472443	0.989281	Helicobacter pylori	210	416610	0.872368
HpGP-USA-405	490925	Helicobacter	209	485338	0.988619	Helicobacter pylori	210	424095	0.863869
HpGP-USA-406	483089	Helicobacter	209	478058	0.989586	Helicobacter pylori	210	422104	0.873760
HpGP-USA-407	481677	Helicobacter	209	476067	0.988353	Helicobacter pylori	210	414434	0.860398
HpGP-USA-408	480112	Helicobacter	209	474198	0.987682	Helicobacter pylori	210	418891	0.872486
HpGP-USA-409	487229	Helicobacter	209	482000	0.989268	Helicobacter pylori	210	423796	0.869809
HpGP-USA-410	478291	Helicobacter	209	472839	0.988601	Helicobacter pylori	210	411636	0.860639
HpGP-USA-411	469737	Helicobacter	209	464648	0.989166	Helicobacter pylori	210	410124	0.873093
HpGP-USA-412	480339	Helicobacter	209	475077	0.989045	Helicobacter pylori	210	417620	0.869428
HpGP-USA-413	481743	Helicobacter	209	476450	0.989013	Helicobacter pylori	210	421106	0.874130
HpGP-USA-414	475269	Helicobacter	209	470147	0.989223	Helicobacter pylori	210	409640	0.861912
HpGP-USA-415	484247	Helicobacter	209	479194	0.989565	Helicobacter pylori	210	424614	0.876854
HpGP-USA-416	497832	Helicobacter	209	492519	0.989328	Helicobacter pylori	210	431045	0.865844
HpGP-USA-417	466777	Helicobacter	209	461726	0.989179	Helicobacter pylori	210	407955	0.873983
HpGP-USA-418	489981	Helicobacter	209	484596	0.989010	Helicobacter pylori	210	429195	0.875942
HpGP-USA-419	480684	Helicobacter	209	475448	0.989107	Helicobacter pylori	210	420704	0.875219
HpGP-USA-420	473767	Helicobacter	209	468649	0.989197	Helicobacter pylori	210	413695	0.873203
HpGP-USA-421	501369	Helicobacter	209	496073	0.989437	Helicobacter pylori	210	434194	0.866017
HpGP-USA-422	463456	Helicobacter	209	457421	0.986978	Helicobacter pylori	210	403624	0.870900
HpGP-USA-423	507503	Helicobacter	209	502031	0.989218	Helicobacter pylori	210	436480	0.860054
HpGP-USA-424	499160	Helicobacter	209	493422	0.988505	Helicobacter pylori	210	430291	0.862030
HpGP-USA-425	491265	Helicobacter	209	485314	0.987886	Helicobacter pylori	210	423645	0.862355
HpGP-USA-427	483547	Helicobacter	209	478288	0.989124	Helicobacter pylori	210	422075	0.872873
HpGP-USA-428	489113	Helicobacter	209	483966	0.989477	Helicobacter pylori	210	428834	0.876759
HpGP-USA-429	480740	Helicobacter	209	475152	0.988376	Helicobacter pylori	210	418484	0.870500
HpGP-USA-431	485059	Helicobacter	209	479518	0.988577	Helicobacter pylori	210	416219	0.858079
HpGP-USA-432	487609	Helicobacter	209	482436	0.989391	Helicobacter pylori	210	425671	0.872976
HpGP-USA-433	499610	Helicobacter	209	493327	0.987424	Helicobacter pylori	210	435306	0.871292
HpGP-USA-434	488215	Helicobacter	209	482955	0.989226	Helicobacter pylori	210	426775	0.874154
HpGP-USA-435	450550	Helicobacter	209	445485	0.988758	Helicobacter pylori	210	390987	0.867799
HpGP-USA-436	493637	Helicobacter	209	488148	0.988880	Helicobacter pylori	210	426484	0.863963
HpGP-USA-437	479605	Helicobacter	209	474346	0.989035	Helicobacter pylori	210	419741	0.875181
HpGP-VNM-001	476832	Helicobacter	209	469489	0.984600	Helicobacter pylori	210	414063	0.868362
HpGP-VNM-002	486457	Helicobacter	209	479218	0.985119	Helicobacter pylori	210	417669	0.858594
HpGP-VNM-003	479792	Helicobacter	209	474302	0.988558	Helicobacter pylori	210	417526	0.870223
HpGP-VNM-004	477219	Helicobacter	209	472259	0.989606	Helicobacter pylori	210	417391	0.874632
HpGP-VNM-005	478848	Helicobacter	209	471859	0.985405	Helicobacter pylori	210	416104	0.868969
HpGP-VNM-006	473825	Helicobacter	209	468810	0.989416	Helicobacter pylori	210	413508	0.872702
HpGP-VNM-007	489480	Helicobacter	209	484352	0.989524	Helicobacter pylori	210	422267	0.862685
HpGP-VNM-008	473466	Helicobacter	209	468153	0.988778	Helicobacter pylori	210	412108	0.870407
HpGP-VNM-009	485719	Helicobacter	209	480631	0.989525	Helicobacter pylori	210	424394	0.873744
HpGP-ZAF-001	429665	Helicobacter	209	424664	0.988361	Helicobacter pylori	210	324114	0.754341
HpGP-ZAF-002	493319	Helicobacter	209	487924	0.989064	Helicobacter pylori	210	428836	0.869287
HpGP-ZAF-004	486391	Helicobacter	209	481436	0.989813	Helicobacter pylori	210	419032	0.861513
HpGP-ZAF-006	413904	Helicobacter	209	408999	0.988149	Helicobacter pylori	210	310257	0.749587
HpGP-ZAF-007	416660	Helicobacter	209	411554	0.987745	Helicobacter pylori	210	312580	0.750204
HpGP-ZAF-008	441031	Helicobacter	209	436208	0.989064	Helicobacter pylori	210	373227	0.846260
HpGP-ZAF-009	425821	Helicobacter	209	420851	0.988328	Helicobacter pylori	210	322594	0.757581
HpGP-ZAF-010	486760	Helicobacter	209	481599	0.989397	Helicobacter pylori	210	414374	0.851290
HpGP-ZAF-011	501967	Helicobacter	209	494309	0.984744	Helicobacter pylori	210	431269	0.859158
